f_youtube,f_instagram,f_tiktok,f_gvideo,f_meta_cdn,req_body,req_headers,has_range,has_referer,has_video_accept,is_xhr,range_start,range_size,resp_status,resp_size,resp_video,resp_json,resp_html,flow_rate,path_depth,has_shorts,has_reels,has_watch,has_api,has_v_param,query_len,is_shorts_api,is_reels_api,size_cat,short_payload,label,timestamp
1,0,0,0,0,226,35,0,1,0,0,0,0,204,0,0,0,1,1,3,0,0,0,1,0,1380,0,0,1,0,shorts,2026-03-16 09:22:26
1,0,0,0,0,0,32,0,1,0,0,0,0,204,0,0,0,1,2,1,0,0,0,0,0,209,0,0,1,0,shorts,2026-03-16 09:22:26
1,0,0,0,0,0,43,0,1,0,0,0,0,204,0,0,0,1,3,3,0,0,0,1,0,1594,0,0,1,0,shorts,2026-03-16 09:22:26
1,0,0,0,0,0,43,0,1,0,0,0,0,204,0,0,0,1,4,3,0,0,1,1,0,1160,0,0,1,0,shorts,2026-03-16 09:22:26
1,0,0,0,0,226,35,0,1,0,0,0,0,204,0,0,0,1,5,3,0,0,0,1,0,1413,0,0,1,0,shorts,2026-03-16 09:22:26
1,0,0,0,0,0,43,0,1,0,0,0,0,204,0,0,0,1,6,3,0,0,1,1,0,1138,0,0,1,0,shorts,2026-03-16 09:22:26
1,0,0,0,0,226,35,0,1,0,0,0,0,204,0,0,0,1,7,3,0,0,0,1,0,1277,0,0,1,0,shorts,2026-03-16 09:22:27
1,0,0,0,0,226,35,0,1,0,0,0,0,204,0,0,0,1,8,3,0,0,0,1,0,1506,1,0,1,0,shorts,2026-03-16 09:22:28
1,0,0,0,0,0,43,0,1,0,0,0,0,204,0,0,0,1,9,3,0,0,0,1,0,1536,1,0,1,0,shorts,2026-03-16 09:22:28
1,0,0,0,0,0,32,0,1,0,0,0,0,204,0,0,0,1,10,1,0,0,0,0,0,228,0,0,1,0,shorts,2026-03-16 09:22:28
1,0,0,0,0,2942,46,0,1,0,0,0,0,204,0,0,0,1,11,3,0,0,0,1,0,1392,1,0,1,0,shorts,2026-03-16 09:22:29
1,0,0,0,0,226,35,0,1,0,0,0,0,204,0,0,0,1,12,3,0,0,0,1,0,1572,1,0,1,0,shorts,2026-03-16 09:22:33
1,0,0,0,0,0,43,0,1,0,0,0,0,204,0,0,0,1,13,3,0,0,1,1,0,1195,1,0,1,0,shorts,2026-03-16 09:22:36
1,0,0,0,0,437,35,0,1,0,0,0,0,204,0,0,0,1,7,3,0,0,0,1,0,1501,1,0,1,0,shorts,2026-03-16 09:22:38
1,0,0,0,0,0,43,0,1,0,0,0,0,204,0,0,0,1,4,3,0,0,1,1,0,1135,1,0,1,0,shorts,2026-03-16 09:22:41
1,0,0,0,0,364,35,0,1,0,0,0,0,204,0,0,0,1,5,3,0,0,0,1,0,1364,1,0,1,0,shorts,2026-03-16 09:22:41
1,0,0,0,0,0,43,0,1,0,0,0,0,204,0,0,0,1,6,3,0,0,1,1,0,1093,1,0,1,0,shorts,2026-03-16 09:22:41
1,0,0,0,0,0,43,0,1,0,0,0,0,204,0,0,0,1,7,3,0,0,0,1,0,1540,1,0,1,0,shorts,2026-03-16 09:22:41
1,0,0,0,0,0,32,0,1,0,0,0,0,204,0,0,0,1,8,1,0,0,0,0,0,244,0,0,1,0,shorts,2026-03-16 09:22:41
1,0,0,0,0,3120,46,0,1,0,0,0,0,204,0,0,0,1,9,3,0,0,0,1,0,1411,1,0,1,0,shorts,2026-03-16 09:22:42
1,0,0,0,0,226,35,0,1,0,0,0,0,204,0,0,0,1,10,3,0,0,0,1,0,1582,1,0,1,0,shorts,2026-03-16 09:22:43
1,0,0,0,0,226,35,0,1,0,0,0,0,204,0,0,0,1,11,3,0,0,0,1,0,1530,1,0,1,0,shorts,2026-03-16 09:22:43
1,0,0,0,0,0,43,0,1,0,0,0,0,204,0,0,0,1,11,3,0,0,1,1,0,1107,1,0,1,0,shorts,2026-03-16 09:22:44
1,0,0,0,0,226,35,0,1,0,0,0,0,204,0,0,0,1,4,3,0,0,0,1,0,1406,1,0,1,0,shorts,2026-03-16 09:22:52
1,0,0,0,0,226,35,0,1,0,0,0,0,204,0,0,0,1,3,3,0,0,0,1,0,1369,1,0,1,0,shorts,2026-03-16 09:22:53
1,0,0,0,0,0,43,0,1,0,0,0,0,204,0,0,0,1,3,3,0,0,1,1,0,1199,1,0,1,0,shorts,2026-03-16 09:22:54
1,0,0,0,0,226,35,0,1,0,0,0,0,204,0,0,0,1,4,3,0,0,0,1,0,1528,1,0,1,0,shorts,2026-03-16 09:23:02
1,0,0,0,0,609,35,0,1,0,0,0,0,204,0,0,0,1,4,3,0,0,0,1,0,1240,1,0,1,0,shorts,2026-03-16 09:23:03
1,0,0,0,0,0,43,0,1,0,0,0,0,204,0,0,0,1,4,3,0,0,1,1,0,1193,1,0,1,0,shorts,2026-03-16 09:23:04
1,0,0,0,0,0,43,0,1,0,0,0,0,204,0,0,0,1,4,3,0,0,1,1,0,1165,1,0,1,0,shorts,2026-03-16 09:23:07
1,0,0,0,0,226,35,0,1,0,0,0,0,204,0,0,0,1,5,3,0,0,0,1,0,1346,1,0,1,0,shorts,2026-03-16 09:23:07
1,0,0,0,0,0,43,0,1,0,0,0,0,204,0,0,0,1,6,3,0,0,1,1,0,1096,1,0,1,0,shorts,2026-03-16 09:23:07
1,0,0,0,0,0,32,0,1,0,0,0,0,204,0,0,0,1,7,1,0,0,0,0,0,173,0,0,1,0,shorts,2026-03-16 09:23:07
1,0,0,0,0,0,43,0,1,0,0,0,0,204,0,0,0,1,8,3,0,0,0,1,0,1989,1,0,1,0,shorts,2026-03-16 09:23:07
1,0,0,0,0,3339,46,0,1,0,0,0,0,204,0,0,0,1,9,3,0,0,0,1,0,1749,1,0,1,0,shorts,2026-03-16 09:23:09
1,0,0,0,0,226,35,0,1,0,0,0,0,204,0,0,0,1,10,3,0,0,0,1,0,1490,1,0,1,0,shorts,2026-03-16 09:23:09
1,0,0,0,0,226,35,0,1,0,0,0,0,204,0,0,0,1,10,3,0,0,0,1,0,1594,1,0,1,0,shorts,2026-03-16 09:23:12
1,0,0,0,0,0,43,0,1,0,0,0,0,204,0,0,0,1,11,3,0,0,1,1,0,1530,1,0,1,0,shorts,2026-03-16 09:23:12
1,0,0,0,0,0,43,0,1,0,0,0,0,204,0,0,0,1,3,3,0,0,1,1,0,1524,1,0,1,0,shorts,2026-03-16 09:23:21
1,0,0,0,0,226,35,0,1,0,0,0,0,204,0,0,0,1,4,3,0,0,0,1,0,1339,1,0,1,0,shorts,2026-03-16 09:23:21
1,0,0,0,0,0,43,0,1,0,0,0,0,204,0,0,0,1,5,3,0,0,1,1,0,1508,1,0,1,0,shorts,2026-03-16 09:23:21
1,0,0,0,0,0,43,0,1,0,0,0,0,204,0,0,0,1,6,3,0,0,0,1,0,1566,1,0,1,0,shorts,2026-03-16 09:23:21
1,0,0,0,0,0,32,0,1,0,0,0,0,204,0,0,0,1,7,1,0,0,0,0,0,173,0,0,1,0,shorts,2026-03-16 09:23:21
1,0,0,0,0,3388,46,0,1,0,0,0,0,204,0,0,0,1,8,3,0,0,0,1,0,1400,1,0,1,0,shorts,2026-03-16 09:23:22
1,0,0,0,0,226,35,0,1,0,0,0,0,204,0,0,0,1,7,3,0,0,0,1,0,1489,1,0,1,0,shorts,2026-03-16 09:23:23
1,0,0,0,0,489,8,0,0,0,0,0,0,204,0,0,0,1,8,1,0,0,0,0,0,987,0,0,1,0,shorts,2026-03-16 09:23:24
1,0,0,0,0,0,43,0,1,0,0,0,0,204,0,0,0,1,9,3,0,0,1,1,0,1176,1,0,1,0,shorts,2026-03-16 09:23:28
1,0,0,0,0,226,35,0,1,0,0,0,0,204,0,0,0,1,10,3,0,0,0,1,0,1504,1,0,1,0,shorts,2026-03-16 09:23:29
1,0,0,0,0,226,35,0,1,0,0,0,0,204,0,0,0,1,5,3,0,0,0,1,0,1313,1,0,1,0,shorts,2026-03-16 09:23:32
1,0,0,0,0,0,43,0,1,0,0,0,0,204,0,0,0,1,3,3,0,0,1,1,0,1197,1,0,1,0,shorts,2026-03-16 09:23:38
1,0,0,0,0,398,35,0,1,0,0,0,0,204,0,0,0,1,3,3,0,0,0,1,0,1464,1,0,1,0,shorts,2026-03-16 09:23:39
1,0,0,0,0,226,35,0,1,0,0,0,0,204,0,0,0,1,4,3,0,0,0,1,0,1245,1,0,1,0,shorts,2026-03-16 09:23:39
1,0,0,0,0,0,43,0,1,0,0,0,0,204,0,0,0,1,5,3,0,0,1,1,0,1145,1,0,1,0,shorts,2026-03-16 09:23:39
1,0,0,0,0,0,43,0,1,0,0,0,0,204,0,0,0,1,6,3,0,0,1,1,0,1119,1,0,1,0,shorts,2026-03-16 09:23:39
1,0,0,0,0,0,43,0,1,0,0,0,0,204,0,0,0,1,7,3,0,0,0,1,0,1563,1,0,1,0,shorts,2026-03-16 09:23:39
1,0,0,0,0,0,32,0,1,0,0,0,0,204,0,0,0,1,8,1,0,0,0,0,0,244,0,0,1,0,shorts,2026-03-16 09:23:39
1,0,0,0,0,3522,46,0,1,0,0,0,0,204,0,0,0,1,9,3,0,0,0,1,0,1397,1,0,1,0,shorts,2026-03-16 09:23:40
1,0,0,0,0,226,35,0,1,0,0,0,0,204,0,0,0,1,10,3,0,0,0,1,0,1521,1,0,1,0,shorts,2026-03-16 09:23:41
1,0,0,0,0,226,35,0,1,0,0,0,0,204,0,0,0,1,11,3,0,0,0,1,0,1532,1,0,1,0,shorts,2026-03-16 09:23:42
1,0,0,0,0,0,43,0,1,0,0,0,0,204,0,0,0,1,11,3,0,0,1,1,0,1141,1,0,1,0,shorts,2026-03-16 09:23:46
1,0,0,0,0,346,35,0,1,0,0,0,0,204,0,0,0,1,4,3,0,0,0,1,0,1311,1,0,1,0,shorts,2026-03-16 09:23:50
1,0,0,0,0,0,43,0,1,0,0,0,0,204,0,0,0,1,3,3,0,0,1,1,0,1135,1,0,1,0,shorts,2026-03-16 09:23:56
1,0,0,0,0,226,35,0,1,0,0,0,0,204,0,0,0,1,2,3,0,0,0,1,0,1369,1,0,1,0,shorts,2026-03-16 09:24:02
1,0,0,0,0,0,43,0,1,0,0,0,0,204,0,0,0,1,3,3,0,0,1,1,0,1146,1,0,1,0,shorts,2026-03-16 09:24:03
1,0,0,0,0,226,35,0,1,0,0,0,0,204,0,0,0,1,4,3,0,0,0,1,0,1245,1,0,1,0,shorts,2026-03-16 09:24:03
1,0,0,0,0,0,43,0,1,0,0,0,0,204,0,0,0,1,5,3,0,0,1,1,0,1118,1,0,1,0,shorts,2026-03-16 09:24:03
1,0,0,0,0,0,43,0,1,0,0,0,0,204,0,0,0,1,6,3,0,0,0,1,0,1697,1,0,1,0,shorts,2026-03-16 09:24:03
1,0,0,0,0,0,32,0,1,0,0,0,0,204,0,0,0,1,7,1,0,0,0,0,0,244,0,0,1,0,shorts,2026-03-16 09:24:03
1,0,0,0,0,3523,46,0,1,0,0,0,0,204,0,0,0,1,8,3,0,0,0,1,0,1452,1,0,1,0,shorts,2026-03-16 09:24:04
1,0,0,0,0,226,35,0,1,0,0,0,0,204,0,0,0,1,9,3,0,0,0,1,0,1475,1,0,1,0,shorts,2026-03-16 09:24:04
1,0,0,0,0,0,43,0,1,0,0,0,0,204,0,0,0,1,10,3,0,0,1,1,0,1219,1,0,1,0,shorts,2026-03-16 09:24:05
1,0,0,0,0,226,35,0,1,0,0,0,0,204,0,0,0,1,10,3,0,0,0,1,0,1498,1,0,1,0,shorts,2026-03-16 09:24:10
1,0,0,0,0,0,43,0,1,0,0,0,0,204,0,0,0,1,3,3,0,0,1,1,0,1239,1,0,1,0,shorts,2026-03-16 09:24:14
1,0,0,0,0,0,43,0,1,0,0,0,0,204,0,0,0,1,2,3,0,0,1,1,0,1226,1,0,1,0,shorts,2026-03-16 09:24:24
1,0,0,0,0,0,43,0,1,0,0,0,0,204,0,0,0,1,1,3,0,0,1,1,0,1226,1,0,1,0,shorts,2026-03-16 09:24:36
1,0,0,0,0,226,35,0,1,0,0,0,0,204,0,0,0,1,2,3,0,0,0,1,0,1337,1,0,1,0,shorts,2026-03-16 09:24:40
1,0,0,0,0,226,35,0,1,0,0,0,0,204,0,0,0,1,2,3,0,0,0,1,0,1431,1,0,1,0,shorts,2026-03-16 09:24:50
1,0,0,0,0,0,43,0,1,0,0,0,0,204,0,0,0,1,1,3,0,0,1,1,0,1272,1,0,1,0,shorts,2026-03-16 09:25:12
1,0,0,0,0,226,35,0,1,0,0,0,0,204,0,0,0,1,2,3,0,0,0,1,0,1328,1,0,1,0,shorts,2026-03-16 09:25:12
1,0,0,0,0,0,43,0,1,0,0,0,0,204,0,0,0,1,3,3,0,0,1,1,0,1209,1,0,1,0,shorts,2026-03-16 09:25:12
1,0,0,0,0,0,43,0,1,0,0,0,0,204,0,0,0,1,4,3,0,0,0,1,0,1568,1,0,1,0,shorts,2026-03-16 09:25:12
1,0,0,0,0,0,32,0,1,0,0,0,0,204,0,0,0,1,5,1,0,0,0,0,0,244,0,0,1,0,shorts,2026-03-16 09:25:12
1,0,0,0,0,3519,46,0,1,0,0,0,0,204,0,0,0,1,6,3,0,0,0,1,0,1402,1,0,1,0,shorts,2026-03-16 09:25:13
1,0,0,0,0,226,35,0,1,0,0,0,0,204,0,0,0,1,7,3,0,0,0,1,0,1489,1,0,1,0,shorts,2026-03-16 09:25:13
1,0,0,0,0,226,35,0,1,0,0,0,0,204,0,0,0,1,8,3,0,0,0,1,0,1361,1,0,1,0,shorts,2026-03-16 09:25:14
1,0,0,0,0,0,43,0,1,0,0,0,0,204,0,0,0,1,9,3,0,0,1,1,0,1176,1,0,1,0,shorts,2026-03-16 09:25:19
1,0,0,0,0,226,35,0,1,0,0,0,0,204,0,0,0,1,5,3,0,0,0,1,0,1353,1,0,1,0,shorts,2026-03-16 09:25:22
1,0,0,0,0,0,43,0,1,0,0,0,0,204,0,0,0,1,6,3,0,0,1,1,0,1124,1,0,1,0,shorts,2026-03-16 09:25:22
1,0,0,0,0,0,43,0,1,0,0,0,0,204,0,0,0,1,7,3,0,0,1,1,0,1125,1,0,1,0,shorts,2026-03-16 09:25:22
1,0,0,0,0,0,32,0,1,0,0,0,0,204,0,0,0,1,8,1,0,0,0,0,0,173,0,0,1,0,shorts,2026-03-16 09:25:22
1,0,0,0,0,0,43,0,1,0,0,0,0,204,0,0,0,1,9,3,0,0,0,1,0,1563,1,0,1,0,shorts,2026-03-16 09:25:22
1,0,0,0,0,226,35,0,1,0,0,0,0,204,0,0,0,1,9,3,0,0,0,1,0,1398,1,0,1,0,shorts,2026-03-16 09:25:23
1,0,0,0,0,3519,46,0,1,0,0,0,0,204,0,0,0,1,10,3,0,0,0,1,0,1414,1,0,1,0,shorts,2026-03-16 09:25:23
1,0,0,0,0,226,35,0,1,0,0,0,0,204,0,0,0,1,9,3,0,0,0,1,0,1489,1,0,1,0,shorts,2026-03-16 09:25:24
1,0,0,0,0,0,43,0,1,0,0,0,0,204,0,0,0,1,9,3,0,0,1,1,0,1143,1,0,1,0,shorts,2026-03-16 09:25:31
1,0,0,0,0,0,43,0,1,0,0,0,0,204,0,0,0,1,1,3,0,0,1,1,0,1182,1,0,1,0,shorts,2026-03-16 09:25:41
1,0,0,0,0,226,35,0,1,0,0,0,0,204,0,0,0,1,2,3,0,0,0,1,0,1348,1,0,1,0,shorts,2026-03-16 09:25:43
1,0,0,0,0,226,35,0,1,0,0,0,0,204,0,0,0,1,3,3,0,0,0,1,0,1246,1,0,1,0,shorts,2026-03-16 09:25:50
1,0,0,0,0,0,43,0,1,0,0,0,0,204,0,0,0,1,4,3,0,0,1,1,0,1115,1,0,1,0,shorts,2026-03-16 09:25:50
1,0,0,0,0,0,43,0,1,0,0,0,0,204,0,0,0,1,5,3,0,0,1,1,0,1150,1,0,1,0,shorts,2026-03-16 09:25:50
1,0,0,0,0,0,43,0,1,0,0,0,0,204,0,0,0,1,6,3,0,0,0,1,0,1571,1,0,1,0,shorts,2026-03-16 09:25:50
1,0,0,0,0,0,32,0,1,0,0,0,0,204,0,0,0,1,7,1,0,0,0,0,0,232,0,0,1,0,shorts,2026-03-16 09:25:50
1,0,0,0,0,3519,46,0,1,0,0,0,0,204,0,0,0,1,7,3,0,0,0,1,0,1405,1,0,1,0,shorts,2026-03-16 09:25:51
1,0,0,0,0,226,35,0,1,0,0,0,0,204,0,0,0,1,8,3,0,0,0,1,0,1408,1,0,1,0,shorts,2026-03-16 09:25:51
1,0,0,0,0,226,35,0,1,0,0,0,0,204,0,0,0,1,8,3,0,0,0,1,0,1380,1,0,1,0,shorts,2026-03-16 09:25:53
1,0,0,0,0,0,43,0,1,0,0,0,0,204,0,0,0,1,9,3,0,0,1,1,0,1150,1,0,1,0,shorts,2026-03-16 09:25:59
1,0,0,0,0,226,35,0,1,0,0,0,0,204,0,0,0,1,4,3,0,0,0,1,0,1263,1,0,1,0,shorts,2026-03-16 09:26:01
1,0,0,0,0,226,35,0,1,0,0,0,0,204,0,0,0,1,3,3,0,0,0,1,0,1348,1,0,1,0,shorts,2026-03-16 09:26:03
1,0,0,0,0,0,43,0,1,0,0,0,0,204,0,0,0,1,4,3,0,0,1,1,0,1153,1,0,1,0,shorts,2026-03-16 09:26:05
1,0,0,0,0,226,35,0,1,0,0,0,0,204,0,0,0,1,5,3,0,0,0,1,0,1244,1,0,1,0,shorts,2026-03-16 09:26:05
1,0,0,0,0,0,43,0,1,0,0,0,0,204,0,0,0,1,6,3,0,0,1,1,0,1126,1,0,1,0,shorts,2026-03-16 09:26:05
1,0,0,0,0,0,43,0,1,0,0,0,0,204,0,0,0,1,7,3,0,0,0,1,0,1563,1,0,1,0,shorts,2026-03-16 09:26:05
1,0,0,0,0,0,32,0,1,0,0,0,0,204,0,0,0,1,8,1,0,0,0,0,0,244,0,0,1,0,shorts,2026-03-16 09:26:05
1,0,0,0,0,3519,46,0,1,0,0,0,0,204,0,0,0,1,9,3,0,0,0,1,0,1413,1,0,1,0,shorts,2026-03-16 09:26:06
1,0,0,0,0,226,35,0,1,0,0,0,0,204,0,0,0,1,10,3,0,0,0,1,0,1604,1,0,1,0,shorts,2026-03-16 09:26:07
1,0,0,0,0,0,43,0,1,0,0,0,0,204,0,0,0,1,11,3,0,0,1,1,0,1129,1,0,1,0,shorts,2026-03-16 09:26:08
1,0,0,0,0,364,35,0,1,0,0,0,0,204,0,0,0,1,11,3,0,0,0,1,0,1402,1,0,1,0,shorts,2026-03-16 09:26:11
1,0,0,0,0,0,43,0,1,0,0,0,0,204,0,0,0,1,10,3,0,0,1,1,0,1118,1,0,1,0,shorts,2026-03-16 09:26:14
1,0,0,0,0,0,43,0,1,0,0,0,0,204,0,0,0,1,11,3,0,0,1,1,0,1197,1,0,1,0,shorts,2026-03-16 09:26:14
1,0,0,0,0,226,35,0,1,0,0,0,0,204,0,0,0,1,12,3,0,0,0,1,0,1257,1,0,1,0,shorts,2026-03-16 09:26:14
1,0,0,0,0,0,32,0,1,0,0,0,0,204,0,0,0,1,13,1,0,0,0,0,0,173,0,0,1,0,shorts,2026-03-16 09:26:14
1,0,0,0,0,0,43,0,1,0,0,0,0,204,0,0,0,1,14,3,0,0,0,1,0,1992,1,0,1,0,shorts,2026-03-16 09:26:14
1,0,0,0,0,3519,46,0,1,0,0,0,0,204,0,0,0,1,14,3,0,0,0,1,0,1749,1,0,1,0,shorts,2026-03-16 09:26:15
1,0,0,0,0,226,35,0,1,0,0,0,0,204,0,0,0,1,11,3,0,0,0,1,0,1408,1,0,1,0,shorts,2026-03-16 09:26:15
1,0,0,0,0,226,35,0,1,0,0,0,0,204,0,0,0,1,11,3,0,0,0,1,0,1481,1,0,1,0,shorts,2026-03-16 09:26:17
1,0,0,0,0,0,43,0,1,0,0,0,0,204,0,0,0,1,11,3,0,0,1,1,0,1517,1,0,1,0,shorts,2026-03-16 09:26:18
1,0,0,0,0,226,35,0,1,0,0,0,0,204,0,0,0,1,12,3,0,0,0,1,0,1325,1,0,1,0,shorts,2026-03-16 09:26:18
1,0,0,0,0,0,43,0,1,0,0,0,0,204,0,0,0,1,13,3,0,0,1,1,0,1506,1,0,1,0,shorts,2026-03-16 09:26:18
1,0,0,0,0,0,43,0,1,0,0,0,0,204,0,0,0,1,14,3,0,0,0,1,0,1562,1,0,1,0,shorts,2026-03-16 09:26:18
1,0,0,0,0,0,32,0,1,0,0,0,0,204,0,0,0,1,15,1,0,0,0,0,0,244,0,0,1,0,shorts,2026-03-16 09:26:18
1,0,0,0,0,3519,46,0,1,0,0,0,0,204,0,0,0,1,15,3,0,0,0,1,0,1412,1,0,1,0,shorts,2026-03-16 09:26:19
1,0,0,0,0,226,35,0,1,0,0,0,0,204,0,0,0,1,16,3,0,0,0,1,0,1489,1,0,1,0,shorts,2026-03-16 09:26:19
1,0,0,0,0,0,43,0,1,0,0,0,0,204,0,0,0,1,10,3,0,0,1,1,0,1188,1,0,1,0,shorts,2026-03-16 09:26:25
1,0,0,0,0,373,35,0,1,0,0,0,0,204,0,0,0,1,11,3,0,0,0,1,0,1454,1,0,1,0,shorts,2026-03-16 09:26:25
1,0,0,0,0,381,35,0,1,0,0,0,0,204,0,0,0,1,3,3,0,0,0,1,0,1342,1,0,1,0,shorts,2026-03-16 09:26:35
1,0,0,0,0,0,43,0,1,0,0,0,0,204,0,0,0,1,4,3,0,0,1,1,0,1200,1,0,1,0,shorts,2026-03-16 09:26:35
1,0,0,0,0,0,43,0,1,0,0,0,0,204,0,0,0,1,3,3,0,0,1,1,0,1183,1,0,1,0,shorts,2026-03-16 09:26:40
1,0,0,0,0,226,35,0,1,0,0,0,0,204,0,0,0,1,4,3,0,0,0,1,0,1369,1,0,1,0,shorts,2026-03-16 09:26:40
1,0,0,0,0,0,43,0,1,0,0,0,0,204,0,0,0,1,5,3,0,0,1,1,0,1117,1,0,1,0,shorts,2026-03-16 09:26:40
1,0,0,0,0,0,43,0,1,0,0,0,0,204,0,0,0,1,6,3,0,0,0,1,0,1564,1,0,1,0,shorts,2026-03-16 09:26:40
1,0,0,0,0,0,32,0,1,0,0,0,0,204,0,0,0,1,7,1,0,0,0,0,0,232,0,0,1,0,shorts,2026-03-16 09:26:40
1,0,0,0,0,3519,46,0,1,0,0,0,0,204,0,0,0,1,8,3,0,0,0,1,0,1398,1,0,1,0,shorts,2026-03-16 09:26:41
1,0,0,0,0,226,35,0,1,0,0,0,0,204,0,0,0,1,9,3,0,0,0,1,0,1599,1,0,1,0,shorts,2026-03-16 09:26:41
1,0,0,0,0,0,43,0,1,0,0,0,0,204,0,0,0,1,10,3,0,0,1,1,0,1143,1,0,1,0,shorts,2026-03-16 09:26:45
1,0,0,0,0,226,35,0,1,0,0,0,0,204,0,0,0,1,9,3,0,0,0,1,0,1380,1,0,1,0,shorts,2026-03-16 09:26:49
1,0,0,0,0,0,43,0,1,0,0,0,0,204,0,0,0,1,3,3,0,0,1,1,0,1198,1,0,1,0,shorts,2026-03-16 09:26:55
1,0,0,0,0,226,35,0,1,0,0,0,0,204,0,0,0,1,2,3,0,0,0,1,0,1475,1,0,1,0,shorts,2026-03-16 09:26:59
1,0,0,0,0,226,35,0,1,0,0,0,0,204,0,0,0,1,3,3,0,0,0,1,0,1433,1,0,1,0,shorts,2026-03-16 09:27:01
1,0,0,0,0,0,43,0,1,0,0,0,0,204,0,0,0,1,4,3,0,0,1,1,0,1149,1,0,1,0,shorts,2026-03-16 09:27:05
1,0,0,0,0,0,43,0,1,0,0,0,0,204,0,0,0,1,4,3,0,0,1,1,0,1182,1,0,1,0,shorts,2026-03-16 09:27:08
1,0,0,0,0,226,35,0,1,0,0,0,0,204,0,0,0,1,5,3,0,0,0,1,0,1484,1,0,1,0,shorts,2026-03-16 09:27:08
1,0,0,0,0,0,43,0,1,0,0,0,0,204,0,0,0,1,6,3,0,0,1,1,0,1116,1,0,1,0,shorts,2026-03-16 09:27:08
1,0,0,0,0,0,32,0,1,0,0,0,0,204,0,0,0,1,7,1,0,0,0,0,0,173,0,0,1,0,shorts,2026-03-16 09:27:09
1,0,0,0,0,0,43,0,1,0,0,0,0,204,0,0,0,1,8,3,0,0,0,1,0,1673,1,0,1,0,shorts,2026-03-16 09:27:09
1,0,0,0,0,3523,46,0,1,0,0,0,0,204,0,0,0,1,8,3,0,0,0,1,0,1432,1,0,1,0,shorts,2026-03-16 09:27:10
1,0,0,0,0,226,35,0,1,0,0,0,0,204,0,0,0,1,9,3,0,0,0,1,0,1390,1,0,1,0,shorts,2026-03-16 09:27:10
1,0,0,0,0,0,43,0,1,0,0,0,0,204,0,0,0,1,10,3,0,0,1,1,0,1200,1,0,1,0,shorts,2026-03-16 09:27:10
1,0,0,0,0,226,35,0,1,0,0,0,0,204,0,0,0,1,10,3,0,0,0,1,0,1613,1,0,1,0,shorts,2026-03-16 09:27:11
1,0,0,0,0,0,43,0,1,0,0,0,0,204,0,0,0,1,10,3,0,0,1,1,0,1218,1,0,1,0,shorts,2026-03-16 09:27:16
1,0,0,0,0,226,35,0,1,0,0,0,0,204,0,0,0,1,11,3,0,0,0,1,0,1355,1,0,1,0,shorts,2026-03-16 09:27:16
1,0,0,0,0,0,43,0,1,0,0,0,0,204,0,0,0,1,12,3,0,0,1,1,0,1189,1,0,1,0,shorts,2026-03-16 09:27:16
1,0,0,0,0,0,43,0,1,0,0,0,0,204,0,0,0,1,13,3,0,0,0,1,0,1561,1,0,1,0,shorts,2026-03-16 09:27:16
1,0,0,0,0,0,32,0,1,0,0,0,0,204,0,0,0,1,14,1,0,0,0,0,0,244,0,0,1,0,shorts,2026-03-16 09:27:16
1,0,0,0,0,3523,46,0,1,0,0,0,0,204,0,0,0,1,15,3,0,0,0,1,0,1395,1,0,1,0,shorts,2026-03-16 09:27:17
1,0,0,0,0,226,35,0,1,0,0,0,0,204,0,0,0,1,16,3,0,0,0,1,0,1490,1,0,1,0,shorts,2026-03-16 09:27:17
1,0,0,0,0,226,35,0,1,0,0,0,0,204,0,0,0,1,12,3,0,0,0,1,0,1415,1,0,1,0,shorts,2026-03-16 09:27:19
1,0,0,0,0,0,43,0,1,0,0,0,0,204,0,0,0,1,9,3,0,0,1,1,0,1170,1,0,1,0,shorts,2026-03-16 09:27:25
1,0,0,0,0,381,35,0,1,0,0,0,0,204,0,0,0,1,3,3,0,0,0,1,0,1324,1,0,1,0,shorts,2026-03-16 09:27:29
1,0,0,0,0,0,43,0,1,0,0,0,0,204,0,0,0,1,3,3,0,0,1,1,0,1174,1,0,1,0,shorts,2026-03-16 09:27:35
1,0,0,0,0,0,43,0,1,0,0,0,0,204,0,0,0,1,3,3,0,0,1,1,0,1144,1,0,1,0,shorts,2026-03-16 09:27:39
1,0,0,0,0,398,35,0,1,0,0,0,0,204,0,0,0,1,4,3,0,0,0,1,0,1334,1,0,1,0,shorts,2026-03-16 09:27:39
1,0,0,0,0,0,43,0,1,0,0,0,0,204,0,0,0,1,5,3,0,0,1,1,0,1117,1,0,1,0,shorts,2026-03-16 09:27:39
1,0,0,0,0,0,43,0,1,0,0,0,0,204,0,0,0,1,6,3,0,0,0,1,0,1578,1,0,1,0,shorts,2026-03-16 09:27:39
1,0,0,0,0,0,32,0,1,0,0,0,0,204,0,0,0,1,7,1,0,0,0,0,0,244,0,0,1,0,shorts,2026-03-16 09:27:39
1,0,0,0,0,3523,46,0,1,0,0,0,0,204,0,0,0,1,7,3,0,0,0,1,0,1413,1,0,1,0,shorts,2026-03-16 09:27:40
1,0,0,0,0,346,35,0,1,0,0,0,0,204,0,0,0,1,8,3,0,0,0,1,0,1426,1,0,1,0,shorts,2026-03-16 09:27:41
1,0,0,0,0,0,43,0,1,0,0,0,0,204,0,0,0,1,9,3,0,0,1,1,0,1159,1,0,1,0,shorts,2026-03-16 09:27:43
1,0,0,0,0,398,35,0,1,0,0,0,0,204,0,0,0,1,9,3,0,0,0,1,0,1494,1,0,1,0,shorts,2026-03-16 09:27:47
1,0,0,0,0,226,35,0,1,0,0,0,0,204,0,0,0,1,4,3,0,0,0,1,0,1316,1,0,1,0,shorts,2026-03-16 09:27:50
1,0,0,0,0,0,43,0,1,0,0,0,0,204,0,0,0,1,4,3,0,0,1,1,0,1226,1,0,1,0,shorts,2026-03-16 09:27:52
1,0,0,0,0,226,35,0,1,0,0,0,0,204,0,0,0,1,5,3,0,0,0,1,0,1370,1,0,1,0,shorts,2026-03-16 09:27:52
1,0,0,0,0,0,43,0,1,0,0,0,0,204,0,0,0,1,6,3,0,0,1,1,0,1116,1,0,1,0,shorts,2026-03-16 09:27:52
1,0,0,0,0,0,43,0,1,0,0,0,0,204,0,0,0,1,7,3,0,0,0,1,0,1584,1,0,1,0,shorts,2026-03-16 09:27:52
1,0,0,0,0,0,32,0,1,0,0,0,0,204,0,0,0,1,8,1,0,0,0,0,0,244,0,0,1,0,shorts,2026-03-16 09:27:52
1,0,0,0,0,3520,46,0,1,0,0,0,0,204,0,0,0,1,9,3,0,0,0,1,0,1433,1,0,1,0,shorts,2026-03-16 09:27:53
1,0,0,0,0,226,35,0,1,0,0,0,0,204,0,0,0,1,9,3,0,0,0,1,0,1489,1,0,1,0,shorts,2026-03-16 09:27:53
1,0,0,0,0,0,43,0,1,0,0,0,0,204,0,0,0,1,9,3,0,0,1,1,0,1163,1,0,1,0,shorts,2026-03-16 09:27:58
1,0,0,0,0,226,35,0,1,0,0,0,0,204,0,0,0,1,10,3,0,0,0,1,0,1570,1,0,1,0,shorts,2026-03-16 09:28:00
1,0,0,0,0,0,43,0,1,0,0,0,0,204,0,0,0,1,2,3,0,0,1,1,0,1172,1,0,1,0,shorts,2026-03-16 09:28:08
1,0,0,0,0,0,43,0,1,0,0,0,0,204,0,0,0,1,2,3,0,0,1,1,0,1226,1,0,1,0,shorts,2026-03-16 09:28:16
1,0,0,0,0,0,43,0,1,0,0,0,0,204,0,0,0,1,3,3,0,0,1,1,0,1139,1,0,1,0,shorts,2026-03-16 09:28:16
1,0,0,0,0,226,35,0,1,0,0,0,0,204,0,0,0,1,4,3,0,0,0,1,0,1359,1,0,1,0,shorts,2026-03-16 09:28:16
1,0,0,0,0,0,43,0,1,0,0,0,0,204,0,0,0,1,5,3,0,0,0,1,0,1563,1,0,1,0,shorts,2026-03-16 09:28:17
1,0,0,0,0,0,32,0,1,0,0,0,0,204,0,0,0,1,6,1,0,0,0,0,0,173,0,0,1,0,shorts,2026-03-16 09:28:17
1,0,0,0,0,3520,46,0,1,0,0,0,0,204,0,0,0,1,7,3,0,0,0,1,0,1413,1,0,1,0,shorts,2026-03-16 09:28:18
1,0,0,0,0,226,35,0,1,0,0,0,0,204,0,0,0,1,8,3,0,0,0,1,0,1520,1,0,1,0,shorts,2026-03-16 09:28:18
1,0,0,0,0,364,35,0,1,0,0,0,0,204,0,0,0,1,8,3,0,0,0,1,0,1402,1,0,1,0,shorts,2026-03-16 09:28:23
1,0,0,0,0,0,43,0,1,0,0,0,0,204,0,0,0,1,9,3,0,0,1,1,0,1118,1,0,1,0,shorts,2026-03-16 09:28:25
1,0,0,0,0,226,35,0,1,0,0,0,0,204,0,0,0,1,10,3,0,0,0,1,0,1257,1,0,1,0,shorts,2026-03-16 09:28:25
1,0,0,0,0,0,43,0,1,0,0,0,0,204,0,0,0,1,11,3,0,0,1,1,0,1190,1,0,1,0,shorts,2026-03-16 09:28:25
1,0,0,0,0,0,43,0,1,0,0,0,0,204,0,0,0,1,12,3,0,0,0,1,0,1972,1,0,1,0,shorts,2026-03-16 09:28:26
1,0,0,0,0,0,32,0,1,0,0,0,0,204,0,0,0,1,13,1,0,0,0,0,0,173,0,0,1,0,shorts,2026-03-16 09:28:26
1,0,0,0,0,3523,46,0,1,0,0,0,0,204,0,0,0,1,11,3,0,0,0,1,0,1728,1,0,1,0,shorts,2026-03-16 09:28:27
1,0,0,0,0,226,35,0,1,0,0,0,0,204,0,0,0,1,10,3,0,0,0,1,0,1489,1,0,1,0,shorts,2026-03-16 09:28:27
1,0,0,0,0,226,35,0,1,0,0,0,0,204,0,0,0,1,10,3,0,0,0,1,0,1546,1,0,1,0,shorts,2026-03-16 09:28:28
1,0,0,0,0,0,43,0,1,0,0,0,0,204,0,0,0,1,10,3,0,0,1,1,0,1497,1,0,1,0,shorts,2026-03-16 09:28:29
1,0,0,0,0,226,35,0,1,0,0,0,0,204,0,0,0,1,11,3,0,0,0,1,0,1326,1,0,1,0,shorts,2026-03-16 09:28:29
1,0,0,0,0,0,43,0,1,0,0,0,0,204,0,0,0,1,12,3,0,0,1,1,0,1486,1,0,1,0,shorts,2026-03-16 09:28:29
1,0,0,0,0,0,43,0,1,0,0,0,0,204,0,0,0,1,13,3,0,0,0,1,0,1560,1,0,1,0,shorts,2026-03-16 09:28:29
1,0,0,0,0,0,32,0,1,0,0,0,0,204,0,0,0,1,14,1,0,0,0,0,0,210,0,0,1,0,shorts,2026-03-16 09:28:29
1,0,0,0,0,3526,46,0,1,0,0,0,0,204,0,0,0,1,15,3,0,0,0,1,0,1412,1,0,1,0,shorts,2026-03-16 09:28:30
1,0,0,0,0,226,35,0,1,0,0,0,0,204,0,0,0,1,16,3,0,0,0,1,0,1408,1,0,1,0,shorts,2026-03-16 09:28:30
1,0,0,0,0,0,43,0,1,0,0,0,0,204,0,0,0,1,17,3,0,0,1,1,0,1127,1,0,1,0,shorts,2026-03-16 09:28:32
1,0,0,0,0,226,35,0,1,0,0,0,0,204,0,0,0,1,11,3,0,0,0,1,0,1396,1,0,1,0,shorts,2026-03-16 09:28:37
1,0,0,0,0,226,35,0,1,0,0,0,0,204,0,0,0,1,4,3,0,0,0,1,0,1263,1,0,1,0,shorts,2026-03-16 09:28:40
1,0,0,0,0,0,43,0,1,0,0,0,0,204,0,0,0,1,4,3,0,0,1,1,0,1194,1,0,1,0,shorts,2026-03-16 09:28:42
1,0,0,0,0,0,43,0,1,0,0,0,0,204,0,0,0,1,4,3,0,0,1,1,0,1150,1,0,1,0,shorts,2026-03-16 09:28:42
1,0,0,0,0,226,35,0,1,0,0,0,0,204,0,0,0,1,5,3,0,0,0,1,0,1369,1,0,1,0,shorts,2026-03-16 09:28:42
1,0,0,0,0,0,43,0,1,0,0,0,0,204,0,0,0,1,6,3,0,0,1,1,0,1117,1,0,1,0,shorts,2026-03-16 09:28:42
1,0,0,0,0,0,43,0,1,0,0,0,0,204,0,0,0,1,7,3,0,0,0,1,0,1562,1,0,1,0,shorts,2026-03-16 09:28:43
1,0,0,0,0,0,32,0,1,0,0,0,0,204,0,0,0,1,8,1,0,0,0,0,0,244,0,0,1,0,shorts,2026-03-16 09:28:43
1,0,0,0,0,3527,46,0,1,0,0,0,0,204,0,0,0,1,9,3,0,0,0,1,0,1409,1,0,1,0,shorts,2026-03-16 09:28:44
1,0,0,0,0,226,35,0,1,0,0,0,0,204,0,0,0,1,9,3,0,0,0,1,0,1488,1,0,1,0,shorts,2026-03-16 09:28:48
1,0,0,0,0,432,35,0,1,0,0,0,0,204,0,0,0,1,9,3,0,0,0,1,0,1556,1,0,1,0,shorts,2026-03-16 09:28:50
1,0,0,0,0,226,35,0,1,0,0,0,0,204,0,0,0,1,9,3,0,0,0,1,0,1356,1,0,1,0,shorts,2026-03-16 09:28:52
1,0,0,0,0,0,43,0,1,0,0,0,0,204,0,0,0,1,10,3,0,0,1,1,0,1241,1,0,1,0,shorts,2026-03-16 09:28:52
1,0,0,0,0,226,35,0,1,0,0,0,0,204,0,0,0,1,5,3,0,0,0,1,0,1312,1,0,1,0,shorts,2026-03-16 09:28:58
1,0,0,0,0,226,35,0,1,0,0,0,0,204,0,0,0,1,1,3,0,0,0,1,0,1509,0,0,1,0,youtube_normal,2026-03-16 09:29:10
1,0,0,0,0,0,43,0,1,0,0,0,0,204,0,0,0,1,2,3,0,0,0,1,0,1573,0,0,1,0,youtube_normal,2026-03-16 09:29:10
1,0,0,0,0,0,32,0,1,0,0,0,0,204,0,0,0,1,3,1,0,0,0,0,0,244,0,0,1,0,youtube_normal,2026-03-16 09:29:11
1,0,0,0,0,0,43,0,1,0,0,0,0,204,0,0,0,1,4,3,0,0,1,1,0,1138,0,0,1,0,youtube_normal,2026-03-16 09:29:11
1,0,0,0,0,226,35,0,1,0,0,0,0,204,0,0,0,1,5,3,0,0,0,1,0,1361,0,0,1,0,youtube_normal,2026-03-16 09:29:11
1,0,0,0,0,0,43,0,1,0,0,0,0,204,0,0,0,1,6,3,0,0,1,1,0,1115,0,0,1,0,youtube_normal,2026-03-16 09:29:11
1,0,0,0,0,226,35,0,1,0,0,0,0,204,0,0,0,1,7,3,0,0,0,1,0,1432,1,0,1,0,shorts,2026-03-16 09:29:18
1,0,0,0,0,226,35,0,1,0,0,0,0,204,0,0,0,1,2,3,0,0,0,1,0,1509,0,0,1,0,shorts,2026-03-16 09:29:25
1,0,0,0,0,0,32,0,1,0,0,0,0,204,0,0,0,1,3,1,0,0,0,0,0,244,0,0,1,0,shorts,2026-03-16 09:29:25
1,0,0,0,0,0,43,0,1,0,0,0,0,204,0,0,0,1,4,3,0,0,0,1,0,1574,0,0,1,0,shorts,2026-03-16 09:29:26
1,0,0,0,0,0,43,0,1,0,0,0,0,204,0,0,0,1,5,3,0,0,1,1,0,1138,0,0,1,0,shorts,2026-03-16 09:29:26
1,0,0,0,0,226,35,0,1,0,0,0,0,204,0,0,0,1,6,3,0,0,0,1,0,1335,0,0,1,0,shorts,2026-03-16 09:29:26
1,0,0,0,0,0,43,0,1,0,0,0,0,204,0,0,0,1,7,3,0,0,1,1,0,1116,0,0,1,0,shorts,2026-03-16 09:29:26
1,0,0,0,0,226,35,0,1,0,0,0,0,204,0,0,0,1,8,3,0,0,0,1,0,1276,0,0,1,0,shorts,2026-03-16 09:29:26
1,0,0,0,0,226,35,0,1,0,0,0,0,204,0,0,0,1,9,3,0,0,0,1,0,1295,0,0,1,0,shorts,2026-03-16 09:29:26
1,0,0,0,0,226,35,0,1,0,0,0,0,204,0,0,0,1,10,3,0,0,0,1,0,1295,0,0,1,0,shorts,2026-03-16 09:29:26
1,0,0,0,0,226,35,0,1,0,0,0,0,204,0,0,0,1,11,3,0,0,0,1,0,1276,0,0,1,0,shorts,2026-03-16 09:29:28
1,0,0,0,0,226,35,0,1,0,0,0,0,204,0,0,0,1,12,3,0,0,0,1,0,1295,0,0,1,0,shorts,2026-03-16 09:29:28
1,0,0,0,0,226,35,0,1,0,0,0,0,204,0,0,0,1,13,3,0,0,0,1,0,1295,0,0,1,0,shorts,2026-03-16 09:29:28
1,0,0,0,0,226,35,0,1,0,0,0,0,204,0,0,0,1,14,3,0,0,0,1,0,1321,1,0,1,0,shorts,2026-03-16 09:29:28
1,0,0,0,0,226,35,0,1,0,0,0,0,204,0,0,0,1,14,3,0,0,0,1,0,1605,0,0,1,0,shorts,2026-03-16 09:29:31
1,0,0,0,0,0,43,0,1,0,0,0,0,204,0,0,0,1,15,3,0,0,0,1,0,1516,0,0,1,0,shorts,2026-03-16 09:29:31
1,0,0,0,0,0,32,0,1,0,0,0,0,204,0,0,0,1,16,1,0,0,0,0,0,244,0,0,1,0,shorts,2026-03-16 09:29:31
1,0,0,0,0,2826,46,0,1,0,0,0,0,204,0,0,0,1,17,3,0,0,0,1,0,1388,0,0,1,0,shorts,2026-03-16 09:29:32
1,0,0,0,0,0,43,0,1,0,0,0,0,204,0,0,0,1,9,3,0,0,1,1,0,1083,0,0,1,0,shorts,2026-03-16 09:29:37
1,0,0,0,0,226,35,0,1,0,0,0,0,204,0,0,0,1,6,3,0,0,0,1,0,1321,1,0,1,0,shorts,2026-03-16 09:29:38
1,0,0,0,0,226,35,0,1,0,0,0,0,204,0,0,0,1,7,3,0,0,0,1,0,1332,0,0,1,0,shorts,2026-03-16 09:29:39
1,0,0,0,0,0,43,0,1,0,0,0,0,204,0,0,0,1,4,3,0,0,1,1,0,1088,0,0,1,0,shorts,2026-03-16 09:29:47
1,0,0,0,0,0,43,0,1,0,0,0,0,204,0,0,0,1,1,3,0,0,1,1,0,1091,0,0,1,0,youtube_normal,2026-03-16 09:29:57
1,0,0,0,0,226,35,0,1,0,0,0,0,204,0,0,0,1,1,3,0,0,0,1,0,1321,1,0,1,0,youtube_normal,2026-03-16 09:30:08
1,0,0,0,0,226,35,0,1,0,0,0,0,204,0,0,0,1,2,3,0,0,0,1,0,1554,0,0,1,0,youtube_normal,2026-03-16 09:30:09
1,0,0,0,0,226,35,0,1,0,0,0,0,204,0,0,0,1,2,3,0,0,0,1,0,1432,1,0,1,0,youtube_normal,2026-03-16 09:30:18
1,0,0,0,0,226,35,0,1,0,0,0,0,204,0,0,0,1,2,3,0,0,0,1,0,1395,0,0,1,0,youtube_normal,2026-03-16 09:30:19
1,0,0,0,0,0,43,0,1,0,0,0,0,204,0,0,0,1,2,3,0,0,1,1,0,1150,0,0,1,0,youtube_normal,2026-03-16 09:30:29
1,0,0,0,0,226,35,0,1,0,0,0,0,204,0,0,0,1,1,3,0,0,0,1,0,1267,0,0,1,0,youtube_normal,2026-03-16 09:30:59
1,0,0,0,0,226,35,0,1,0,0,0,0,204,0,0,0,1,2,3,0,0,0,1,0,1246,0,0,1,0,youtube_normal,2026-03-16 09:31:00
1,0,0,0,0,0,43,0,1,0,0,0,0,204,0,0,0,1,3,3,0,0,1,1,0,1077,0,0,1,0,youtube_normal,2026-03-16 09:31:00
1,0,0,0,0,226,35,0,1,0,0,0,0,204,0,0,0,1,4,3,0,0,0,1,0,1518,0,0,1,0,youtube_normal,2026-03-16 09:31:02
1,0,0,0,0,0,43,0,1,0,0,0,0,204,0,0,0,1,5,3,0,0,0,1,0,1533,0,0,1,0,youtube_normal,2026-03-16 09:31:02
1,0,0,0,0,0,32,0,1,0,0,0,0,204,0,0,0,1,6,1,0,0,0,0,0,243,0,0,1,0,youtube_normal,2026-03-16 09:31:02
1,0,0,0,0,3516,46,0,1,0,0,0,0,204,0,0,0,1,7,3,0,0,0,1,0,1373,0,0,1,0,youtube_normal,2026-03-16 09:31:03
1,0,0,0,0,226,35,0,1,0,0,0,0,204,0,0,0,1,5,3,0,0,0,1,0,1352,0,0,1,0,youtube_normal,2026-03-16 09:31:11
1,0,0,0,0,0,43,0,1,0,0,0,0,204,0,0,0,1,3,3,0,0,1,1,0,1101,0,0,1,0,youtube_normal,2026-03-16 09:31:13
1,0,0,0,0,0,43,0,1,0,0,0,0,204,0,0,0,1,2,3,0,0,1,1,0,1090,0,0,1,0,youtube_normal,2026-03-16 09:31:23
1,0,0,0,0,716,8,0,0,0,0,0,0,204,0,0,0,1,2,1,0,0,0,0,0,987,0,0,1,0,youtube_normal,2026-03-16 09:31:24
1,0,0,0,0,226,35,0,1,0,0,0,0,204,0,0,0,1,1,3,0,0,0,1,0,1322,0,0,1,0,youtube_normal,2026-03-16 09:32:51
1,0,0,0,0,0,43,0,1,0,0,0,0,204,0,0,0,1,2,3,0,0,1,1,0,1110,0,0,1,0,youtube_normal,2026-03-16 09:32:53
1,0,0,0,0,226,35,0,1,0,0,0,0,204,0,0,0,1,1,3,0,0,0,1,0,1261,0,0,1,0,youtube_normal,2026-03-16 09:33:08
1,0,0,0,0,0,43,0,1,0,0,0,0,204,0,0,0,1,2,3,0,0,1,1,0,1109,0,0,1,0,youtube_normal,2026-03-16 09:33:09
1,0,0,0,0,226,35,0,1,0,0,0,0,204,0,0,0,1,3,3,0,0,0,1,0,1295,0,0,1,0,youtube_normal,2026-03-16 09:33:09
1,0,0,0,0,226,35,0,1,0,0,0,0,204,0,0,0,1,4,3,0,0,0,1,0,1381,0,0,1,0,youtube_normal,2026-03-16 09:33:10
1,0,0,0,0,226,35,0,1,0,0,0,0,204,0,0,0,1,5,3,0,0,0,1,0,1388,0,0,1,0,youtube_normal,2026-03-16 09:33:10
1,0,0,0,0,226,35,0,1,0,0,0,0,204,0,0,0,1,6,3,0,0,0,1,0,1509,0,0,1,0,youtube_normal,2026-03-16 09:33:13
1,0,0,0,0,0,43,0,1,0,0,0,0,204,0,0,0,1,7,3,0,0,0,1,0,1567,0,0,1,0,youtube_normal,2026-03-16 09:33:13
1,0,0,0,0,0,32,0,1,0,0,0,0,204,0,0,0,1,8,1,0,0,0,0,0,244,0,0,1,0,youtube_normal,2026-03-16 09:33:13
1,0,0,0,0,0,43,0,1,0,0,0,0,204,0,0,0,1,9,3,0,0,1,1,0,1112,0,0,1,0,youtube_normal,2026-03-16 09:33:13
1,0,0,0,0,226,35,0,1,0,0,0,0,204,0,0,0,1,10,3,0,0,0,1,0,1308,0,0,1,0,youtube_normal,2026-03-16 09:33:13
1,0,0,0,0,0,43,0,1,0,0,0,0,204,0,0,0,1,11,3,0,0,1,1,0,1109,0,0,1,0,youtube_normal,2026-03-16 09:33:13
1,0,0,0,0,226,35,0,1,0,0,0,0,204,0,0,0,1,12,3,0,0,0,1,0,1295,0,0,1,0,youtube_normal,2026-03-16 09:33:13
1,0,0,0,0,226,35,0,1,0,0,0,0,204,0,0,0,1,13,3,0,0,0,1,0,1509,0,0,1,0,youtube_normal,2026-03-16 09:33:14
1,0,0,0,0,0,43,0,1,0,0,0,0,204,0,0,0,1,14,3,0,0,0,1,0,1496,0,0,1,0,youtube_normal,2026-03-16 09:33:14
1,0,0,0,0,0,32,0,1,0,0,0,0,204,0,0,0,1,15,1,0,0,0,0,0,244,0,0,1,0,youtube_normal,2026-03-16 09:33:14
1,0,0,0,0,3540,46,0,1,0,0,0,0,204,0,0,0,1,16,3,0,0,0,1,0,1383,0,0,1,0,youtube_normal,2026-03-16 09:33:15
1,0,0,0,0,0,43,0,1,0,0,0,0,204,0,0,0,1,15,3,0,0,1,1,0,1063,0,0,1,0,youtube_normal,2026-03-16 09:33:19
1,0,0,0,0,226,35,0,1,0,0,0,0,204,0,0,0,1,6,3,0,0,0,1,0,1476,0,0,1,0,youtube_normal,2026-03-16 09:33:24
1,0,0,0,0,226,35,0,1,0,0,0,0,204,0,0,0,1,3,3,0,0,0,1,0,1334,1,0,1,0,youtube_normal,2026-03-16 09:33:28
1,0,0,0,0,0,43,0,1,0,0,0,0,204,0,0,0,1,3,3,0,0,1,1,0,1120,0,0,1,0,youtube_normal,2026-03-16 09:33:29
1,0,0,0,0,226,35,0,1,0,0,0,0,204,0,0,0,1,4,3,0,0,0,1,0,1376,0,0,1,0,youtube_normal,2026-03-16 09:33:34
1,0,0,0,0,226,35,0,1,0,0,0,0,204,0,0,0,1,4,3,0,0,0,1,0,1334,1,0,1,0,youtube_normal,2026-03-16 09:33:38
1,0,0,0,0,0,43,0,1,0,0,0,0,204,0,0,0,1,4,3,0,0,1,1,0,1172,0,0,1,0,youtube_normal,2026-03-16 09:33:39
1,0,0,0,0,226,35,0,1,0,0,0,0,204,0,0,0,1,1,3,0,0,0,1,0,1430,0,0,1,0,youtube_normal,2026-03-16 09:33:54
1,0,0,0,0,0,43,0,1,0,0,0,0,204,0,0,0,1,2,3,0,0,1,1,0,1115,0,0,1,0,youtube_normal,2026-03-16 09:33:59
1,0,0,0,0,226,35,0,1,0,0,0,0,204,0,0,0,1,3,3,0,0,0,1,0,1441,0,0,1,0,youtube_normal,2026-03-16 09:34:04
1,0,0,0,0,226,35,0,1,0,0,0,0,204,0,0,0,1,3,3,0,0,0,1,0,1455,1,0,1,0,youtube_normal,2026-03-16 09:34:08
1,0,0,0,0,226,35,0,1,0,0,0,0,204,0,0,0,1,4,3,0,0,0,1,0,1365,0,0,1,0,youtube_normal,2026-03-16 09:34:08
1,0,0,0,0,0,43,0,1,0,0,0,0,204,0,0,0,1,5,3,0,0,1,1,0,1164,0,0,1,0,youtube_normal,2026-03-16 09:34:08
1,0,0,0,0,226,35,0,1,0,0,0,0,204,0,0,0,1,5,3,0,0,0,1,0,1408,0,0,1,0,youtube_normal,2026-03-16 09:34:09
1,0,0,0,0,0,43,0,1,0,0,0,0,204,0,0,0,1,6,3,0,0,0,1,0,1536,0,0,1,0,youtube_normal,2026-03-16 09:34:10
1,0,0,0,0,0,32,0,1,0,0,0,0,204,0,0,0,1,7,1,0,0,0,0,0,244,0,0,1,0,youtube_normal,2026-03-16 09:34:10
1,0,0,0,0,3543,46,0,1,0,0,0,0,204,0,0,0,1,8,3,0,0,0,1,0,1376,0,0,1,0,youtube_normal,2026-03-16 09:34:11
1,0,0,0,0,0,43,0,1,0,0,0,0,204,0,0,0,1,8,3,0,0,1,1,0,1102,0,0,1,0,youtube_normal,2026-03-16 09:34:16
1,0,0,0,0,226,35,0,1,0,0,0,0,204,0,0,0,1,6,3,0,0,0,1,0,1447,0,0,1,0,youtube_normal,2026-03-16 09:34:19
1,0,0,0,0,0,43,0,1,0,0,0,0,204,0,0,0,1,2,3,0,0,1,1,0,1109,0,0,1,0,youtube_normal,2026-03-16 09:34:26
1,0,0,0,0,0,43,0,1,0,0,0,0,204,0,0,0,1,1,3,0,0,1,1,0,1111,0,0,1,0,youtube_normal,2026-03-16 09:34:36
1,0,0,0,0,0,43,0,1,0,0,0,0,204,0,0,0,1,1,3,0,0,1,1,0,1133,0,0,1,0,youtube_normal,2026-03-16 09:34:48
1,0,0,0,0,226,35,0,1,0,0,0,0,204,0,0,0,1,2,3,0,0,0,1,0,1500,0,0,1,0,youtube_normal,2026-03-16 09:34:49
1,0,0,0,0,226,35,0,1,0,0,0,0,204,0,0,0,1,1,3,0,0,0,1,0,1256,0,0,1,0,youtube_normal,2026-03-16 09:35:10
1,0,0,0,0,0,43,0,1,0,0,0,0,204,0,0,0,1,2,3,0,0,1,1,0,1111,0,0,1,0,youtube_normal,2026-03-16 09:35:10
1,0,0,0,0,226,35,0,1,0,0,0,0,204,0,0,0,1,3,3,0,0,0,1,0,1546,0,0,1,0,youtube_normal,2026-03-16 09:35:14
1,0,0,0,0,0,43,0,1,0,0,0,0,204,0,0,0,1,4,3,0,0,0,1,0,1534,0,0,1,0,youtube_normal,2026-03-16 09:35:14
1,0,0,0,0,0,32,0,1,0,0,0,0,204,0,0,0,1,5,1,0,0,0,0,0,244,0,0,1,0,youtube_normal,2026-03-16 09:35:14
1,0,0,0,0,3543,46,0,1,0,0,0,0,204,0,0,0,1,6,3,0,0,0,1,0,1390,0,0,1,0,youtube_normal,2026-03-16 09:35:15
1,0,0,0,0,226,35,0,1,0,0,0,0,204,0,0,0,1,5,3,0,0,0,1,0,1341,0,0,1,0,youtube_normal,2026-03-16 09:35:22
1,0,0,0,0,0,43,0,1,0,0,0,0,204,0,0,0,1,6,3,0,0,1,1,0,1103,0,0,1,0,youtube_normal,2026-03-16 09:35:22
1,0,0,0,0,0,43,0,1,0,0,0,0,204,0,0,0,1,3,3,0,0,1,1,0,1124,0,0,1,0,youtube_normal,2026-03-16 09:35:31
1,0,0,0,0,0,43,0,1,0,0,0,0,204,0,0,0,1,2,3,0,0,1,1,0,1125,0,0,1,0,youtube_normal,2026-03-16 09:35:41
1,0,0,0,0,226,35,0,1,0,0,0,0,204,0,0,0,1,1,3,0,0,0,1,0,1256,0,0,1,0,youtube_normal,2026-03-16 09:36:01
1,0,0,0,0,226,35,0,1,0,0,0,0,204,0,0,0,1,2,3,0,0,0,1,0,1254,0,0,1,0,youtube_normal,2026-03-16 09:36:08
1,0,0,0,0,0,43,0,1,0,0,0,0,204,0,0,0,1,3,3,0,0,1,1,0,1123,0,0,1,0,youtube_normal,2026-03-16 09:36:08
1,0,0,0,0,226,35,0,1,0,0,0,0,204,0,0,0,1,4,3,0,0,0,1,0,1645,0,0,1,0,youtube_normal,2026-03-16 09:36:10
1,0,0,0,0,0,43,0,1,0,0,0,0,204,0,0,0,1,5,3,0,0,0,1,0,1550,0,0,1,0,youtube_normal,2026-03-16 09:36:10
1,0,0,0,0,0,32,0,1,0,0,0,0,204,0,0,0,1,6,1,0,0,0,0,0,244,0,0,1,0,youtube_normal,2026-03-16 09:36:10
1,0,0,0,0,3542,46,0,1,0,0,0,0,204,0,0,0,1,7,3,0,0,0,1,0,1404,0,0,1,0,youtube_normal,2026-03-16 09:36:11
1,0,0,0,0,226,35,0,1,0,0,0,0,204,0,0,0,1,5,3,0,0,0,1,0,1455,1,0,1,0,youtube_normal,2026-03-16 09:36:18
1,0,0,0,0,226,35,0,1,0,0,0,0,204,0,0,0,1,6,3,0,0,0,1,0,1480,0,0,1,0,youtube_normal,2026-03-16 09:36:19
1,0,0,0,0,0,43,0,1,0,0,0,0,204,0,0,0,1,4,3,0,0,1,1,0,1153,0,0,1,0,youtube_normal,2026-03-16 09:36:21
1,0,0,0,0,0,43,0,1,0,0,0,0,204,0,0,0,1,1,3,0,0,1,1,0,1124,0,0,1,0,youtube_normal,2026-03-16 09:36:31
1,0,0,0,0,0,43,0,1,0,0,0,0,204,0,0,0,1,1,3,0,0,1,1,0,1125,0,0,1,0,youtube_normal,2026-03-16 09:36:41
1,0,0,0,0,226,35,0,1,0,0,0,0,204,0,0,0,1,2,3,0,0,0,1,0,1256,0,0,1,0,youtube_normal,2026-03-16 09:36:49
1,0,0,0,0,0,43,0,1,0,0,0,0,204,0,0,0,1,1,3,0,0,1,1,0,1124,0,0,1,0,youtube_normal,2026-03-16 09:37:17
1,0,0,0,0,226,35,0,1,0,0,0,0,204,0,0,0,1,2,3,0,0,0,1,0,1256,0,0,1,0,youtube_normal,2026-03-16 09:37:19
1,0,0,0,0,226,35,0,1,0,0,0,0,204,0,0,0,1,2,3,0,0,0,1,0,1255,0,0,1,0,youtube_normal,2026-03-16 09:37:29
1,0,0,0,0,0,43,0,1,0,0,0,0,204,0,0,0,1,3,3,0,0,1,1,0,1123,0,0,1,0,youtube_normal,2026-03-16 09:37:29
1,0,0,0,0,226,35,0,1,0,0,0,0,204,0,0,0,1,3,3,0,0,0,1,0,1521,0,0,1,0,youtube_normal,2026-03-16 09:37:31
1,0,0,0,0,0,43,0,1,0,0,0,0,204,0,0,0,1,4,3,0,0,0,1,0,1534,0,0,1,0,youtube_normal,2026-03-16 09:37:31
1,0,0,0,0,0,32,0,1,0,0,0,0,204,0,0,0,1,5,1,0,0,0,0,0,244,0,0,1,0,youtube_normal,2026-03-16 09:37:31
1,0,0,0,0,3546,46,0,1,0,0,0,0,204,0,0,0,1,6,3,0,0,0,1,0,1375,0,0,1,0,youtube_normal,2026-03-16 09:37:32
1,0,0,0,0,0,43,0,1,0,0,0,0,204,0,0,0,1,7,3,0,0,1,1,0,1100,0,0,1,0,youtube_normal,2026-03-16 09:37:36
1,0,0,0,0,226,35,0,1,0,0,0,0,204,0,0,0,1,6,3,0,0,0,1,0,1343,0,0,1,0,youtube_normal,2026-03-16 09:37:39
1,0,0,0,0,0,43,0,1,0,0,0,0,204,0,0,0,1,3,3,0,0,1,1,0,1109,0,0,1,0,youtube_normal,2026-03-16 09:37:46
1,0,0,0,0,0,43,0,1,0,0,0,0,204,0,0,0,1,1,3,0,0,1,1,0,1110,0,0,1,0,youtube_normal,2026-03-16 09:37:57
1,0,0,0,0,226,35,0,1,0,0,0,0,204,0,0,0,1,1,3,0,0,0,1,0,1277,0,0,1,0,youtube_normal,2026-03-16 09:38:09
1,0,0,0,0,0,43,0,1,0,0,0,0,204,0,0,0,1,1,3,0,0,1,1,0,1108,0,0,1,0,youtube_normal,2026-03-16 09:38:37
1,0,0,0,0,226,35,0,1,0,0,0,0,204,0,0,0,1,2,3,0,0,0,1,0,1276,0,0,1,0,youtube_normal,2026-03-16 09:38:40
1,0,0,0,0,0,43,0,1,0,0,0,0,204,0,0,0,1,3,3,0,0,1,1,0,1107,0,0,1,0,youtube_normal,2026-03-16 09:38:40
1,0,0,0,0,226,35,0,1,0,0,0,0,204,0,0,0,1,4,3,0,0,0,1,0,1764,0,0,1,0,youtube_normal,2026-03-16 09:38:44
1,0,0,0,0,0,43,0,1,0,0,0,0,204,0,0,0,1,5,3,0,0,0,1,0,1551,0,0,1,0,youtube_normal,2026-03-16 09:38:44
1,0,0,0,0,0,32,0,1,0,0,0,0,204,0,0,0,1,6,1,0,0,0,0,0,244,0,0,1,0,youtube_normal,2026-03-16 09:38:44
1,0,0,0,0,3539,46,0,1,0,0,0,0,204,0,0,0,1,7,3,0,0,0,1,0,1391,0,0,1,0,youtube_normal,2026-03-16 09:38:46
1,0,0,0,0,226,35,0,1,0,0,0,0,204,0,0,0,1,7,3,0,0,0,1,0,1455,1,0,1,0,youtube_normal,2026-03-16 09:38:48
1,0,0,0,0,0,43,0,1,0,0,0,0,204,0,0,0,1,8,3,0,0,1,1,0,1114,0,0,1,0,youtube_normal,2026-03-16 09:38:50
1,0,0,0,0,226,35,0,1,0,0,0,0,204,0,0,0,1,7,3,0,0,0,1,0,1341,0,0,1,0,youtube_normal,2026-03-16 09:38:50
1,0,0,0,0,0,43,0,1,0,0,0,0,204,0,0,0,1,3,3,0,0,1,1,0,1121,0,0,1,0,youtube_normal,2026-03-16 09:38:59
1,0,0,0,0,0,43,0,1,0,0,0,0,204,0,0,0,1,1,3,0,0,1,1,0,1146,0,0,1,0,youtube_normal,2026-03-16 09:39:10
1,0,0,0,0,226,35,0,1,0,0,0,0,204,0,0,0,1,2,3,0,0,0,1,0,1402,0,0,1,0,youtube_normal,2026-03-16 09:39:10
1,0,0,0,0,226,35,0,1,0,0,0,0,204,0,0,0,1,3,3,0,0,0,1,0,1242,0,0,1,0,youtube_normal,2026-03-16 09:39:12
1,0,0,0,0,0,43,0,1,0,0,0,0,204,0,0,0,1,4,3,0,0,1,1,0,1123,0,0,1,0,youtube_normal,2026-03-16 09:39:12
1,0,0,0,0,226,35,0,1,0,0,0,0,204,0,0,0,1,5,3,0,0,0,1,0,1295,0,0,1,0,youtube_normal,2026-03-16 09:39:13
1,0,0,0,0,226,35,0,1,0,0,0,0,204,0,0,0,1,6,3,0,0,0,1,0,1295,0,0,1,0,youtube_normal,2026-03-16 09:39:14
1,0,0,0,0,226,35,0,1,0,0,0,0,204,0,0,0,1,1,3,0,0,0,1,0,1401,0,0,1,0,youtube_normal,2026-03-16 09:39:31
1,0,0,0,0,0,43,0,1,0,0,0,0,204,0,0,0,1,2,3,0,0,0,1,0,1573,0,0,1,0,youtube_normal,2026-03-16 09:39:31
1,0,0,0,0,0,32,0,1,0,0,0,0,204,0,0,0,1,3,1,0,0,0,0,0,244,0,0,1,0,youtube_normal,2026-03-16 09:39:31
1,0,0,0,0,0,43,0,1,0,0,0,0,204,0,0,0,1,4,3,0,0,1,1,0,1138,0,0,1,0,youtube_normal,2026-03-16 09:39:31
1,0,0,0,0,0,43,0,1,0,0,0,0,204,0,0,0,1,5,3,0,0,1,1,0,1115,0,0,1,0,youtube_normal,2026-03-16 09:39:31
1,0,0,0,0,226,35,0,1,0,0,0,0,204,0,0,0,1,6,3,0,0,0,1,0,1439,0,0,1,0,youtube_normal,2026-03-16 09:39:31
1,0,0,0,0,226,35,0,1,0,0,0,0,204,0,0,0,1,7,3,0,0,0,1,0,1381,0,0,1,0,youtube_normal,2026-03-16 09:39:32
1,0,0,0,0,0,43,0,1,0,0,0,0,204,0,0,0,1,8,3,0,0,0,1,0,1594,0,0,1,0,youtube_normal,2026-03-16 09:39:32
1,0,0,0,0,0,32,0,1,0,0,0,0,204,0,0,0,1,9,1,0,0,0,0,0,209,0,0,1,0,youtube_normal,2026-03-16 09:39:32
1,0,0,0,0,0,43,0,1,0,0,0,0,204,0,0,0,1,10,3,0,0,1,1,0,1199,0,0,1,0,youtube_normal,2026-03-16 09:39:33
1,0,0,0,0,226,35,0,1,0,0,0,0,204,0,0,0,1,11,3,0,0,0,1,0,1454,0,0,1,0,youtube_normal,2026-03-16 09:39:33
1,0,0,0,0,0,43,0,1,0,0,0,0,204,0,0,0,1,12,3,0,0,1,1,0,1137,0,0,1,0,youtube_normal,2026-03-16 09:39:33
1,0,0,0,0,226,35,0,1,0,0,0,0,204,0,0,0,1,13,3,0,0,0,1,0,1276,0,0,1,0,youtube_normal,2026-03-16 09:39:33
1,0,0,0,0,226,35,0,1,0,0,0,0,204,0,0,0,1,14,3,0,0,0,1,0,1487,0,0,1,0,youtube_normal,2026-03-16 09:39:34
1,0,0,0,0,0,43,0,1,0,0,0,0,204,0,0,0,1,15,3,0,0,0,1,0,1527,0,0,1,0,youtube_normal,2026-03-16 09:39:34
1,0,0,0,0,0,32,0,1,0,0,0,0,204,0,0,0,1,16,1,0,0,0,0,0,210,0,0,1,0,youtube_normal,2026-03-16 09:39:34
1,0,0,0,0,2764,46,0,1,0,0,0,0,204,0,0,0,1,17,3,0,0,0,1,0,1371,0,0,1,0,youtube_normal,2026-03-16 09:39:35
1,0,0,0,0,226,35,0,1,0,0,0,0,204,0,0,0,1,5,3,0,0,0,1,0,1315,0,0,1,0,youtube_normal,2026-03-16 09:39:44
1,0,0,0,0,0,43,0,1,0,0,0,0,204,0,0,0,1,3,3,0,0,1,1,0,1094,0,0,1,0,youtube_normal,2026-03-16 09:39:45
1,0,0,0,0,0,43,0,1,0,0,0,0,204,0,0,0,1,1,3,0,0,1,1,0,1099,0,0,1,0,youtube_normal,2026-03-16 09:39:55
1,0,0,0,0,226,35,0,1,0,0,0,0,204,0,0,0,1,2,3,0,0,0,1,0,1248,0,0,1,0,youtube_normal,2026-03-16 09:40:01
1,0,0,0,0,0,43,0,1,0,0,0,0,204,0,0,0,1,3,3,0,0,1,1,0,1097,0,0,1,0,youtube_normal,2026-03-16 09:40:01
1,0,0,0,0,226,35,0,1,0,0,0,0,204,0,0,0,1,4,3,0,0,0,1,0,1392,0,0,1,0,youtube_normal,2026-03-16 09:40:02
1,0,0,0,0,0,43,0,1,0,0,0,0,204,0,0,0,1,5,3,0,0,0,1,0,1589,0,0,1,0,youtube_normal,2026-03-16 09:40:02
1,0,0,0,0,0,32,0,1,0,0,0,0,204,0,0,0,1,6,1,0,0,0,0,0,244,0,0,1,0,youtube_normal,2026-03-16 09:40:02
1,0,0,0,0,3267,46,0,1,0,0,0,0,204,0,0,0,1,7,3,0,0,0,1,0,1372,0,0,1,0,youtube_normal,2026-03-16 09:40:03
1,0,0,0,0,0,43,0,1,0,0,0,0,204,0,0,0,1,8,3,0,0,1,1,0,1156,0,0,1,0,youtube_normal,2026-03-16 09:40:04
1,0,0,0,0,226,35,0,1,0,0,0,0,204,0,0,0,1,6,3,0,0,0,1,0,1424,0,0,1,0,youtube_normal,2026-03-16 09:40:12
1,0,0,0,0,0,43,0,1,0,0,0,0,204,0,0,0,1,2,3,0,0,1,1,0,1166,0,0,1,0,youtube_normal,2026-03-16 09:40:14
1,0,0,0,0,226,35,0,1,0,0,0,0,204,0,0,0,1,3,3,0,0,0,1,0,1203,0,0,1,0,youtube_normal,2026-03-16 09:40:15
1,0,0,0,0,0,43,0,1,0,0,0,0,204,0,0,0,1,4,3,0,0,1,1,0,1164,0,0,1,0,youtube_normal,2026-03-16 09:40:15
1,0,0,0,0,226,35,0,1,0,0,0,0,204,0,0,0,1,5,3,0,0,0,1,0,1497,0,0,1,0,youtube_normal,2026-03-16 09:40:16
1,0,0,0,0,0,43,0,1,0,0,0,0,204,0,0,0,1,6,3,0,0,0,1,0,1592,0,0,1,0,youtube_normal,2026-03-16 09:40:16
1,0,0,0,0,0,32,0,1,0,0,0,0,204,0,0,0,1,7,1,0,0,0,0,0,244,0,0,1,0,youtube_normal,2026-03-16 09:40:16
1,0,0,0,0,3534,46,0,1,0,0,0,0,204,0,0,0,1,8,3,0,0,0,1,0,1372,0,0,1,0,youtube_normal,2026-03-16 09:40:17
1,0,0,0,0,0,43,0,1,0,0,0,0,204,0,0,0,1,9,3,0,0,1,1,0,1158,0,0,1,0,youtube_normal,2026-03-16 09:40:19
1,0,0,0,0,226,35,0,1,0,0,0,0,204,0,0,0,1,6,3,0,0,0,1,0,1324,0,0,1,0,youtube_normal,2026-03-16 09:40:26
1,0,0,0,0,0,43,0,1,0,0,0,0,204,0,0,0,1,3,3,0,0,1,1,0,1166,0,0,1,0,youtube_normal,2026-03-16 09:40:29
1,0,0,0,0,0,43,0,1,0,0,0,0,204,0,0,0,1,1,3,0,0,1,1,0,1166,0,0,1,0,youtube_normal,2026-03-16 09:40:39
1,0,0,0,0,226,35,0,1,0,0,0,0,204,0,0,0,1,1,3,0,0,0,1,0,1238,0,0,1,0,youtube_normal,2026-03-16 09:41:06
1,0,0,0,0,0,43,0,1,0,0,0,0,204,0,0,0,1,2,3,0,0,1,1,0,1166,0,0,1,0,youtube_normal,2026-03-16 09:41:11
1,0,0,0,0,226,35,0,1,0,0,0,0,204,0,0,0,1,1,3,0,0,0,1,0,1313,0,0,1,0,youtube_normal,2026-03-16 09:41:26
1,0,0,0,0,226,35,0,1,0,0,0,0,204,0,0,0,1,2,3,0,0,0,1,0,1319,0,0,1,0,youtube_normal,2026-03-16 09:41:29
1,0,0,0,0,226,35,0,1,0,0,0,0,204,0,0,0,1,1,3,0,0,0,1,0,1377,0,0,1,0,youtube_normal,2026-03-16 09:41:43
1,0,0,0,0,0,43,0,1,0,0,0,0,204,0,0,0,1,2,3,0,0,1,1,0,1205,0,0,1,0,youtube_normal,2026-03-16 09:41:43
1,0,0,0,0,0,43,0,1,0,0,0,0,204,0,0,0,1,3,3,0,0,1,1,0,1151,0,0,1,0,youtube_normal,2026-03-16 09:41:43
1,0,0,0,0,226,35,0,1,0,0,0,0,204,0,0,0,1,4,3,0,0,0,1,0,1383,0,0,1,0,youtube_normal,2026-03-16 09:41:43
1,0,0,0,0,0,43,0,1,0,0,0,0,204,0,0,0,1,5,3,0,0,0,1,0,1527,0,0,1,0,youtube_normal,2026-03-16 09:41:43
1,0,0,0,0,0,32,0,1,0,0,0,0,204,0,0,0,1,6,1,0,0,0,0,0,210,0,0,1,0,youtube_normal,2026-03-16 09:41:43
1,0,0,0,0,3543,46,0,1,0,0,0,0,204,0,0,0,1,7,3,0,0,0,1,0,1371,0,0,1,0,youtube_normal,2026-03-16 09:41:44
1,0,0,0,0,0,43,0,1,0,0,0,0,204,0,0,0,1,8,3,0,0,1,1,0,1124,0,0,1,0,youtube_normal,2026-03-16 09:41:46
1,0,0,0,0,226,35,0,1,0,0,0,0,204,0,0,0,1,9,3,0,0,0,1,0,1335,1,0,1,0,youtube_normal,2026-03-16 09:41:48
1,0,0,0,0,639,35,0,1,0,0,0,0,204,0,0,0,1,9,3,0,0,0,1,0,1438,0,0,1,0,youtube_normal,2026-03-16 09:41:53
1,0,0,0,0,0,43,0,1,0,0,0,0,204,0,0,0,1,4,3,0,0,1,1,0,1152,0,0,1,0,youtube_normal,2026-03-16 09:41:56
1,0,0,0,0,226,35,0,1,0,0,0,0,204,0,0,0,1,3,3,0,0,0,1,0,1455,1,0,1,0,youtube_normal,2026-03-16 09:41:58
1,0,0,0,0,0,43,0,1,0,0,0,0,204,0,0,0,1,2,3,0,0,1,1,0,1117,0,0,1,0,youtube_normal,2026-03-16 09:42:06
1,0,0,0,0,226,35,0,1,0,0,0,0,204,0,0,0,1,1,3,0,0,0,1,0,1228,0,0,1,0,youtube_normal,2026-03-16 09:42:23
1,0,0,0,0,0,43,0,1,0,0,0,0,204,0,0,0,1,2,3,0,0,1,1,0,1115,0,0,1,0,youtube_normal,2026-03-16 09:42:23
1,0,0,0,0,226,35,0,1,0,0,0,0,204,0,0,0,1,2,3,0,0,0,1,0,1475,0,0,1,0,youtube_normal,2026-03-16 09:42:33
1,0,0,0,0,226,35,0,1,0,0,0,0,204,0,0,0,1,2,3,0,0,0,1,0,1455,1,0,1,0,youtube_normal,2026-03-16 09:42:38
1,0,0,0,0,226,35,0,1,0,0,0,0,204,0,0,0,1,1,3,0,0,0,1,0,1455,1,0,1,0,youtube_normal,2026-03-16 09:42:58
1,0,0,0,0,226,35,0,1,0,0,0,0,204,0,0,0,1,2,3,0,0,0,1,0,1516,0,0,1,0,youtube_normal,2026-03-16 09:43:03
1,0,0,0,0,0,43,0,1,0,0,0,0,204,0,0,0,1,3,3,0,0,1,1,0,1200,0,0,1,0,youtube_normal,2026-03-16 09:43:03
1,0,0,0,0,226,35,0,1,0,0,0,0,204,0,0,0,1,1,3,0,0,0,1,0,1335,1,0,1,0,youtube_normal,2026-03-16 09:43:18
1,0,0,0,0,226,35,0,1,0,0,0,0,204,0,0,0,1,2,3,0,0,0,1,0,1388,0,0,1,0,youtube_normal,2026-03-16 09:43:23
1,0,0,0,0,226,35,0,1,0,0,0,0,204,0,0,0,1,3,3,0,0,0,1,0,1202,0,0,1,0,youtube_normal,2026-03-16 09:43:25
1,0,0,0,0,0,43,0,1,0,0,0,0,204,0,0,0,1,4,3,0,0,1,1,0,1138,0,0,1,0,youtube_normal,2026-03-16 09:43:25
1,0,0,0,0,226,35,0,1,0,0,0,0,204,0,0,0,1,5,3,0,0,0,1,0,1413,0,0,1,0,youtube_normal,2026-03-16 09:43:27
1,0,0,0,0,0,43,0,1,0,0,0,0,204,0,0,0,1,6,3,0,0,0,1,0,1624,0,0,1,0,youtube_normal,2026-03-16 09:43:27
1,0,0,0,0,0,32,0,1,0,0,0,0,204,0,0,0,1,7,1,0,0,0,0,0,210,0,0,1,0,youtube_normal,2026-03-16 09:43:27
1,0,0,0,0,3535,46,0,1,0,0,0,0,204,0,0,0,1,8,3,0,0,0,1,0,1389,0,0,1,0,youtube_normal,2026-03-16 09:43:28
1,0,0,0,0,226,35,0,1,0,0,0,0,204,0,0,0,1,8,3,0,0,0,1,0,1335,1,0,1,0,youtube_normal,2026-03-16 09:43:28
1,0,0,0,0,0,43,0,1,0,0,0,0,204,0,0,0,1,9,3,0,0,1,1,0,1190,0,0,1,0,youtube_normal,2026-03-16 09:43:30
1,0,0,0,0,226,35,0,1,0,0,0,0,204,0,0,0,1,7,3,0,0,0,1,0,1440,0,0,1,0,youtube_normal,2026-03-16 09:43:36
1,0,0,0,0,0,43,0,1,0,0,0,0,204,0,0,0,1,2,3,0,0,1,1,0,1199,0,0,1,0,youtube_normal,2026-03-16 09:43:40
1,0,0,0,0,226,35,0,1,0,0,0,0,204,0,0,0,1,3,3,0,0,0,1,0,1407,0,0,1,0,youtube_normal,2026-03-16 09:43:46
1,0,0,0,0,226,35,0,1,0,0,0,0,204,0,0,0,1,3,3,0,0,0,1,0,1335,1,0,1,0,youtube_normal,2026-03-16 09:43:48
1,0,0,0,0,0,43,0,1,0,0,0,0,204,0,0,0,1,4,3,0,0,1,1,0,1218,0,0,1,0,youtube_normal,2026-03-16 09:43:50
1,0,0,0,0,226,35,0,1,0,0,0,0,204,0,0,0,1,1,3,0,0,0,1,0,1259,0,0,1,0,youtube_normal,2026-03-16 09:44:16
1,0,0,0,0,0,43,0,1,0,0,0,0,204,0,0,0,1,2,3,0,0,1,1,0,1183,0,0,1,0,youtube_normal,2026-03-16 09:44:22
1,0,0,0,0,226,35,0,1,0,0,0,0,204,0,0,0,1,1,3,0,0,0,1,0,1526,0,0,1,0,youtube_normal,2026-03-16 09:44:36
1,0,0,0,0,226,35,0,1,0,0,0,0,204,0,0,0,1,2,3,0,0,0,1,0,1455,1,0,1,0,youtube_normal,2026-03-16 09:44:38
1,0,0,0,0,226,35,0,1,0,0,0,0,204,0,0,0,1,3,3,0,0,0,1,0,1403,0,0,1,0,youtube_normal,2026-03-16 09:44:46
1,0,0,0,0,226,35,0,1,0,0,0,0,204,0,0,0,1,2,3,0,0,0,1,0,1225,0,0,1,0,youtube_normal,2026-03-16 09:44:52
1,0,0,0,0,0,43,0,1,0,0,0,0,204,0,0,0,1,3,3,0,0,1,1,0,1299,0,0,1,0,youtube_normal,2026-03-16 09:44:52
1,0,0,0,0,226,35,0,1,0,0,0,0,204,0,0,0,1,4,3,0,0,0,1,0,1487,0,0,1,0,youtube_normal,2026-03-16 09:44:53
1,0,0,0,0,0,43,0,1,0,0,0,0,204,0,0,0,1,5,3,0,0,0,1,0,1628,0,0,1,0,youtube_normal,2026-03-16 09:44:53
1,0,0,0,0,0,32,0,1,0,0,0,0,204,0,0,0,1,6,1,0,0,0,0,0,244,0,0,1,0,youtube_normal,2026-03-16 09:44:53
1,0,0,0,0,3535,46,0,1,0,0,0,0,204,0,0,0,1,7,3,0,0,0,1,0,1378,0,0,1,0,youtube_normal,2026-03-16 09:44:55
1,0,0,0,0,0,43,0,1,0,0,0,0,204,0,0,0,1,8,3,0,0,1,1,0,1195,0,0,1,0,youtube_normal,2026-03-16 09:44:55
1,0,0,0,0,0,32,0,1,0,0,0,0,200,1271174,0,0,1,8,1,0,0,0,0,0,15,0,0,5,0,youtube_normal,2026-03-16 09:44:56
1,0,0,0,0,226,35,0,1,0,0,0,0,204,0,0,0,1,9,3,0,0,0,1,0,1455,1,0,1,0,youtube_normal,2026-03-16 09:44:58
1,0,0,0,0,226,35,0,1,0,0,0,0,204,0,0,0,1,8,3,0,0,0,1,0,1313,0,0,1,0,youtube_normal,2026-03-16 09:45:02
1,0,0,0,0,226,35,0,1,0,0,0,0,204,0,0,0,1,9,3,0,0,0,1,0,1264,0,0,1,0,youtube_normal,2026-03-16 09:45:02
1,0,0,0,0,226,35,0,1,0,0,0,0,204,0,0,0,1,10,3,0,0,0,1,0,1286,0,0,1,0,youtube_normal,2026-03-16 09:45:02
1,0,0,0,0,226,35,0,1,0,0,0,0,204,0,0,0,1,11,3,0,0,0,1,0,1386,0,0,1,0,youtube_normal,2026-03-16 09:45:02
1,0,0,0,0,0,43,0,1,0,0,0,0,204,0,0,0,1,12,3,0,0,0,1,0,1573,0,0,1,0,youtube_normal,2026-03-16 09:45:03
1,0,0,0,0,0,32,0,1,0,0,0,0,204,0,0,0,1,13,1,0,0,0,0,0,244,0,0,1,0,youtube_normal,2026-03-16 09:45:03
1,0,0,0,0,0,43,0,1,0,0,0,0,204,0,0,0,1,14,3,0,0,1,1,0,1114,0,0,1,0,youtube_normal,2026-03-16 09:45:03
1,0,0,0,0,226,35,0,1,0,0,0,0,204,0,0,0,1,15,3,0,0,0,1,0,1393,0,0,1,0,youtube_normal,2026-03-16 09:45:03
1,0,0,0,0,0,43,0,1,0,0,0,0,204,0,0,0,1,16,3,0,0,1,1,0,1112,0,0,1,0,youtube_normal,2026-03-16 09:45:03
1,0,0,0,0,694,35,0,1,0,0,0,0,204,0,0,0,1,17,3,0,0,0,1,0,1366,0,0,1,0,youtube_normal,2026-03-16 09:45:03
1,0,0,0,0,0,43,0,1,0,0,0,0,204,0,0,0,1,15,3,0,0,1,1,0,1252,0,0,1,0,youtube_normal,2026-03-16 09:45:05
1,0,0,0,0,346,35,0,1,0,0,0,0,204,0,0,0,1,13,3,0,0,0,1,0,1437,0,0,1,0,youtube_normal,2026-03-16 09:45:08
1,0,0,0,0,226,35,0,1,0,0,0,0,204,0,0,0,1,14,3,0,0,0,1,0,1266,0,0,1,0,youtube_normal,2026-03-16 09:45:08
1,0,0,0,0,616,35,0,1,0,0,0,0,204,0,0,0,1,15,3,0,0,0,1,0,1239,1,0,1,0,youtube_normal,2026-03-16 09:45:08
1,0,0,0,0,390,35,0,1,0,0,0,0,204,0,0,0,1,5,3,0,0,0,1,0,1471,0,0,1,0,youtube_normal,2026-03-16 09:45:13
1,0,0,0,0,0,43,0,1,0,0,0,0,204,0,0,0,1,5,3,0,0,1,1,0,1280,0,0,1,0,youtube_normal,2026-03-16 09:45:15
1,0,0,0,0,226,35,0,1,0,0,0,0,204,0,0,0,1,1,3,0,0,0,1,0,1489,0,0,1,0,youtube_normal,2026-03-16 09:45:28
1,0,0,0,0,0,43,0,1,0,0,0,0,204,0,0,0,1,2,3,0,0,0,1,0,1573,0,0,1,0,youtube_normal,2026-03-16 09:45:28
1,0,0,0,0,0,32,0,1,0,0,0,0,204,0,0,0,1,3,1,0,0,0,0,0,210,0,0,1,0,youtube_normal,2026-03-16 09:45:28
1,0,0,0,0,0,43,0,1,0,0,0,0,204,0,0,0,1,4,3,0,0,1,1,0,1112,0,0,1,0,youtube_normal,2026-03-16 09:45:28
1,0,0,0,0,226,35,0,1,0,0,0,0,204,0,0,0,1,5,3,0,0,0,1,0,1321,0,0,1,0,youtube_normal,2026-03-16 09:45:28
1,0,0,0,0,0,43,0,1,0,0,0,0,204,0,0,0,1,6,3,0,0,1,1,0,1111,0,0,1,0,youtube_normal,2026-03-16 09:45:28
1,0,0,0,0,226,35,0,1,0,0,0,0,204,0,0,0,1,7,3,0,0,0,1,0,1282,0,0,1,0,youtube_normal,2026-03-16 09:45:28
1,0,0,0,0,0,43,0,1,0,0,0,0,204,0,0,0,1,8,3,0,0,1,1,0,1218,0,0,1,0,youtube_normal,2026-03-16 09:45:29
1,0,0,0,0,226,35,0,1,0,0,0,0,204,0,0,0,1,9,3,0,0,0,1,0,1584,0,0,1,0,youtube_normal,2026-03-16 09:45:30
1,0,0,0,0,0,43,0,1,0,0,0,0,204,0,0,0,1,10,3,0,0,0,1,0,1546,0,0,1,0,youtube_normal,2026-03-16 09:45:30
1,0,0,0,0,0,32,0,1,0,0,0,0,204,0,0,0,1,11,1,0,0,0,0,0,210,0,0,1,0,youtube_normal,2026-03-16 09:45:30
1,0,0,0,0,2776,46,0,1,0,0,0,0,204,0,0,0,1,12,3,0,0,0,1,0,1390,0,0,1,0,youtube_normal,2026-03-16 09:45:32
1,0,0,0,0,226,35,0,1,0,0,0,0,204,0,0,0,1,13,3,0,0,0,1,0,1511,0,0,1,0,youtube_normal,2026-03-16 09:45:33
1,0,0,0,0,0,43,0,1,0,0,0,0,204,0,0,0,1,9,3,0,0,1,1,0,1146,0,0,1,0,youtube_normal,2026-03-16 09:45:38
1,0,0,0,0,361,35,0,1,0,0,0,0,204,0,0,0,1,7,3,0,0,0,1,0,1434,0,0,1,0,youtube_normal,2026-03-16 09:45:39
1,0,0,0,0,0,43,0,1,0,0,0,0,204,0,0,0,1,3,3,0,0,1,1,0,1197,0,0,1,0,youtube_normal,2026-03-16 09:45:48
1,0,0,0,0,916,35,0,1,0,0,0,0,204,0,0,0,1,2,3,0,0,0,1,0,1464,0,0,1,0,youtube_normal,2026-03-16 09:45:49
1,0,0,0,0,0,43,0,1,0,0,0,0,204,0,0,0,1,3,3,0,0,1,1,0,1130,0,0,1,0,youtube_normal,2026-03-16 09:45:58
1,0,0,0,0,408,35,0,1,0,0,0,0,204,0,0,0,1,2,3,0,0,0,1,0,1372,0,0,1,0,youtube_normal,2026-03-16 09:45:59
1,0,0,0,0,0,43,0,1,0,0,0,0,204,0,0,0,1,2,3,0,0,1,1,0,1216,0,0,1,0,youtube_normal,2026-03-16 09:46:08
1,0,0,0,0,372,35,0,1,0,0,0,0,204,0,0,0,1,3,3,0,0,0,1,0,1436,0,0,1,0,youtube_normal,2026-03-16 09:46:09
1,0,0,0,0,0,32,0,1,0,0,0,0,200,1284666,0,0,1,3,1,0,0,0,0,0,15,0,0,5,0,youtube_normal,2026-03-16 09:46:10
1,0,0,0,0,0,43,0,1,0,0,0,0,204,0,0,0,1,4,3,0,0,1,1,0,1258,0,0,1,0,youtube_normal,2026-03-16 09:46:11
1,0,0,0,0,226,35,0,1,0,0,0,0,204,0,0,0,1,3,3,0,0,0,1,0,1363,0,0,1,0,youtube_normal,2026-03-16 09:46:19
1,0,0,0,0,749,8,0,0,0,0,0,0,204,0,0,0,1,2,1,0,0,0,0,0,989,0,0,1,0,youtube_normal,2026-03-16 09:46:24
1,0,0,0,0,0,20,0,1,0,0,0,0,200,121872,0,0,1,1,2,0,0,0,0,0,484,0,0,4,0,normal,2026-03-16 09:47:34
1,0,0,0,0,0,20,0,1,0,0,0,0,200,122070,0,0,1,1,2,0,0,0,0,0,484,0,0,4,0,normal,2026-03-16 09:50:11
1,0,0,0,0,0,20,0,1,0,0,0,0,200,126295,0,0,1,1,2,0,0,0,0,0,91,0,0,4,0,normal,2026-03-16 09:50:22
1,0,0,0,0,0,20,0,1,0,0,0,0,200,121565,0,0,1,1,2,0,0,0,0,0,484,0,0,4,0,normal,2026-03-16 09:52:16
1,0,0,0,0,0,20,0,1,0,0,0,0,200,121747,0,0,1,1,2,0,0,0,0,0,484,0,0,4,0,normal,2026-03-16 09:52:51
1,0,0,0,0,0,20,0,1,0,0,0,0,200,121448,0,0,1,1,2,0,0,0,0,0,484,0,0,4,0,normal,2026-03-16 09:55:40
1,0,0,0,0,0,20,0,1,0,0,0,0,200,121298,0,0,1,2,2,0,0,0,0,0,484,0,0,4,0,normal,2026-03-16 09:55:48
1,0,0,0,0,0,20,0,1,0,0,0,0,200,121564,0,0,1,1,2,0,0,0,0,0,484,0,0,4,0,normal,2026-03-16 09:56:05
0,0,0,0,0,136,12,0,0,0,0,0,0,200,0,0,0,1,2,4,0,0,0,0,0,15,0,0,1,0,normal,2026-03-16 09:56:12
0,0,0,0,0,136,12,0,0,0,0,0,0,200,0,0,0,1,3,4,0,0,0,0,0,15,0,0,1,0,normal,2026-03-16 09:56:12
0,0,0,0,0,135,12,0,0,0,0,0,0,200,0,0,0,1,4,4,0,0,0,0,0,15,0,0,1,0,normal,2026-03-16 09:56:12
0,0,0,0,0,0,15,0,1,0,0,0,0,200,1237498,0,0,1,4,2,0,0,0,0,0,15,0,0,5,0,normal,2026-03-16 09:56:16
0,0,0,0,0,5714,24,0,1,0,0,0,0,200,549781,0,0,1,5,3,0,0,0,1,0,15,0,0,4,0,normal,2026-03-16 09:56:22
0,0,0,0,0,414,8,0,0,0,0,0,0,200,0,0,0,1,3,3,0,0,0,0,0,163,0,0,1,0,normal,2026-03-16 09:56:24
1,0,0,0,0,0,32,0,1,0,0,0,0,200,1974611,0,0,1,4,1,0,0,0,0,0,15,0,0,5,0,normal,2026-03-16 09:56:26
1,0,0,0,0,0,43,0,1,0,0,0,0,204,0,0,0,1,4,3,0,0,1,1,0,1138,0,0,1,0,normal,2026-03-16 09:56:30
0,0,0,0,0,0,21,0,1,0,0,0,0,200,375916,0,0,1,1,3,0,0,0,0,0,15,0,0,4,0,normal,2026-03-16 09:57:23
0,0,0,0,0,432,8,0,0,0,0,0,0,200,0,0,0,1,2,3,0,0,0,0,0,138,0,0,1,0,normal,2026-03-16 09:57:24
0,0,0,0,0,138,12,0,0,0,0,0,0,200,0,0,0,1,3,4,0,0,0,0,0,15,0,0,1,0,normal,2026-03-16 09:57:26
0,0,0,0,0,483,8,0,0,0,0,0,0,200,0,0,0,1,1,3,0,0,0,0,0,138,0,0,1,0,normal,2026-03-16 09:58:24
1,0,0,0,0,0,20,0,1,0,0,0,0,200,124517,0,0,1,2,2,0,0,0,0,0,484,0,0,4,0,normal,2026-03-16 09:58:28
1,0,0,0,0,0,20,0,1,0,0,0,0,200,122216,0,0,1,1,2,0,0,0,0,0,484,0,0,4,0,normal,2026-03-16 09:59:13
1,0,0,0,0,0,20,0,1,0,0,0,0,200,122165,0,0,1,2,2,0,0,0,0,0,484,0,0,4,0,normal,2026-03-16 09:59:21
1,0,0,0,0,0,20,0,1,0,0,0,0,200,122489,0,0,1,1,2,0,0,0,0,0,484,0,0,4,0,normal,2026-03-16 10:01:27
1,0,0,0,0,0,20,0,1,0,0,0,0,200,123751,0,0,1,1,2,0,0,0,0,0,484,0,0,4,0,normal,2026-03-16 10:02:04
1,0,0,0,0,0,20,0,1,0,0,0,0,200,123085,0,0,1,1,2,0,0,0,0,0,484,0,0,4,0,normal,2026-03-16 10:02:14
1,0,0,0,0,0,20,0,1,0,0,0,0,200,122990,0,0,1,1,2,0,0,0,0,0,484,0,0,4,0,normal,2026-03-16 10:02:31
1,0,0,0,0,0,20,0,1,0,0,0,0,200,122920,0,0,1,1,2,0,0,0,0,0,484,0,0,4,0,normal,2026-03-16 10:02:48
0,0,0,0,0,0,21,0,1,0,0,0,0,200,1199512,0,0,1,1,2,0,0,0,0,0,15,0,0,5,0,normal,2026-03-16 10:03:28
0,0,0,0,0,5687,24,0,1,0,0,0,0,200,500753,0,0,1,2,3,0,0,0,1,0,15,0,0,4,0,normal,2026-03-16 10:03:30
0,0,0,0,0,5742,24,0,1,0,0,0,0,200,197920,0,0,1,3,3,0,0,0,1,0,15,0,0,4,0,normal,2026-03-16 10:03:32
0,0,0,0,0,421,8,0,0,0,0,0,0,200,0,0,0,1,1,3,0,0,0,0,0,163,0,0,1,0,normal,2026-03-16 10:04:24
0,0,0,0,0,451,8,0,0,0,0,0,0,200,0,0,0,1,2,3,0,0,0,0,0,32,0,0,1,0,normal,2026-03-16 10:04:24
1,0,0,0,0,0,20,0,1,0,0,0,0,200,122978,0,0,1,1,2,0,0,0,0,0,484,0,0,4,0,normal,2026-03-16 10:07:45
1,0,0,0,0,0,20,0,1,0,0,0,0,200,123480,0,0,1,1,2,0,0,0,0,0,484,0,0,4,0,normal,2026-03-16 10:08:03
0,0,0,0,0,133,12,0,0,0,0,0,0,200,0,0,0,1,1,4,0,0,0,0,0,15,0,0,1,0,normal,2026-03-16 10:08:27
0,0,0,0,0,134,12,0,0,0,0,0,0,200,0,0,0,1,2,4,0,0,0,0,0,15,0,0,1,0,normal,2026-03-16 10:08:34
1,0,0,0,0,0,20,0,1,0,0,0,0,200,123507,0,0,1,1,2,0,0,0,0,0,484,0,0,4,0,normal,2026-03-16 10:09:15
1,0,0,0,0,0,20,0,1,0,0,0,0,200,127040,0,0,1,1,2,0,0,0,0,0,15,0,0,4,0,normal,2026-03-16 10:09:39
0,0,0,0,0,0,21,0,1,0,0,0,0,200,1171473,0,0,1,1,2,0,0,0,0,0,15,0,0,5,0,normal,2026-03-16 10:09:49
0,0,0,0,0,418,8,0,0,0,0,0,0,200,0,0,0,1,1,3,0,0,0,0,0,163,0,0,1,0,normal,2026-03-16 10:10:24
0,0,0,0,0,5704,24,0,1,0,0,0,0,200,1120504,0,0,1,2,3,0,0,0,1,0,15,0,0,5,0,normal,2026-03-16 10:10:24
0,0,0,0,0,5895,24,0,1,0,0,0,0,200,1042479,0,0,1,3,3,0,0,0,1,0,15,0,0,5,0,normal,2026-03-16 10:10:27
1,0,0,0,0,0,20,0,1,0,0,0,0,200,121013,0,0,1,1,2,0,0,0,0,0,484,0,0,4,0,normal,2026-03-16 10:10:45
1,0,0,0,0,0,20,0,1,0,0,0,0,200,123242,0,0,1,1,2,0,0,0,0,0,484,0,0,4,0,normal,2026-03-16 10:13:28
1,0,0,0,0,0,20,0,1,0,0,0,0,200,125082,0,0,1,1,2,0,0,0,0,0,484,0,0,4,0,normal,2026-03-16 10:14:07
0,1,0,0,0,0,21,0,1,0,0,0,0,200,954535,0,0,1,1,2,0,0,0,0,0,15,0,0,4,0,normal,2026-03-16 10:14:28
0,1,0,0,0,0,17,0,1,0,0,0,0,200,1050,0,1,0,2,2,0,0,0,0,0,15,0,0,2,0,normal,2026-03-16 10:14:30
0,1,0,0,0,2252,27,0,1,0,0,0,0,200,4946,0,1,0,3,2,0,0,0,0,0,15,0,0,2,0,normal,2026-03-16 10:14:30
0,1,0,0,0,0,27,0,1,0,1,0,0,200,15,0,1,0,4,6,0,0,0,1,0,15,0,0,1,0,normal,2026-03-16 10:14:30
0,1,0,0,0,1863,27,0,1,0,0,0,0,200,3783,0,1,0,5,2,0,0,0,0,0,15,0,0,2,0,normal,2026-03-16 10:14:30
0,1,0,0,0,1900,27,0,1,0,0,0,0,200,193,0,1,0,6,2,0,0,0,0,0,15,0,0,1,0,normal,2026-03-16 10:14:30
0,1,0,0,0,0,23,0,1,0,1,0,0,200,115,0,1,0,7,5,0,0,0,1,0,43,0,0,1,0,normal,2026-03-16 10:14:31
0,1,0,0,0,0,13,0,1,0,0,0,0,200,272423,0,1,0,8,4,0,0,0,0,0,15,0,0,4,0,normal,2026-03-16 10:14:31
0,1,0,0,0,2044,27,0,1,0,0,0,0,200,396827,0,1,0,9,2,0,0,0,0,0,15,0,0,4,0,normal,2026-03-16 10:14:31
0,1,0,0,0,0,23,0,1,0,1,0,0,200,203,0,1,0,10,5,0,0,0,1,0,15,0,0,1,0,normal,2026-03-16 10:14:31
0,1,0,0,0,2088,27,0,1,0,0,0,0,200,432,0,1,0,11,2,0,0,0,0,0,15,0,0,1,0,normal,2026-03-16 10:14:32
0,1,0,0,0,0,23,0,1,0,1,0,0,200,115,0,1,0,12,5,0,0,0,1,0,43,0,0,1,0,normal,2026-03-16 10:14:33
0,1,0,0,0,0,23,0,1,0,1,0,0,200,115,0,1,0,13,5,0,0,0,1,0,43,0,0,1,0,normal,2026-03-16 10:14:33
0,1,0,0,0,0,23,0,1,0,1,0,0,200,203,0,1,0,14,5,0,0,0,1,0,15,0,0,1,0,normal,2026-03-16 10:14:33
0,1,0,0,0,0,23,0,1,0,1,0,0,200,203,0,1,0,15,5,0,0,0,1,0,15,0,0,1,0,normal,2026-03-16 10:14:33
0,1,0,0,0,2242,27,0,1,0,0,0,0,200,50396,0,1,0,16,2,0,0,0,0,0,15,0,0,3,0,normal,2026-03-16 10:14:35
0,1,0,0,0,0,23,0,1,0,1,0,0,200,115,0,1,0,17,5,0,0,0,1,0,43,0,0,1,0,normal,2026-03-16 10:14:38
0,1,0,0,0,0,15,0,1,0,0,0,0,301,0,0,0,1,1,1,0,0,0,0,0,15,0,0,1,0,normal,2026-03-16 10:15:03
0,1,0,0,0,0,21,0,1,0,0,0,0,200,1189761,0,0,1,2,1,0,0,0,0,0,15,0,0,5,0,normal,2026-03-16 10:15:06
0,1,0,0,0,0,17,0,1,0,0,0,0,200,1050,0,1,0,3,2,0,0,0,0,0,15,0,0,2,0,normal,2026-03-16 10:15:07
0,0,0,0,0,0,21,0,1,0,0,0,0,200,249747,0,0,1,3,2,0,0,0,0,0,15,0,0,4,0,normal,2026-03-16 10:15:15
0,1,0,0,0,422,8,0,0,0,0,0,0,200,0,0,0,1,2,3,0,0,0,0,0,162,0,0,1,0,normal,2026-03-16 10:15:24
0,0,0,0,0,421,8,0,0,0,0,0,0,200,0,0,0,1,3,3,0,0,0,0,0,138,0,0,1,0,normal,2026-03-16 10:15:24
0,0,0,0,0,0,14,0,1,0,0,0,0,200,83954,0,0,1,1,1,0,0,0,0,0,15,0,0,3,0,normal,2026-03-16 10:16:27
1,0,0,0,0,0,32,0,1,0,0,0,0,200,1230140,0,0,1,1,1,0,0,0,0,0,15,0,0,5,0,normal,2026-03-16 10:16:44
1,0,0,0,0,0,43,0,1,0,0,0,0,204,0,0,0,1,2,3,0,0,1,1,0,1138,0,0,1,0,normal,2026-03-16 10:16:46
0,0,0,0,0,745,17,0,1,0,0,0,0,200,0,0,0,1,3,3,0,0,0,0,0,15,0,0,1,0,normal,2026-03-16 10:16:54
0,0,0,0,0,811,17,0,1,0,0,0,0,200,0,0,0,1,4,3,0,0,0,0,0,15,0,0,1,0,normal,2026-03-16 10:16:54
0,0,0,0,0,825,17,0,1,0,0,0,0,200,0,0,0,1,5,3,0,0,0,0,0,15,0,0,1,0,normal,2026-03-16 10:16:54
0,0,0,0,0,839,17,0,1,0,0,0,0,200,0,0,0,1,6,3,0,0,0,0,0,15,0,0,1,0,normal,2026-03-16 10:16:54
0,0,0,0,0,816,17,0,1,0,0,0,0,200,0,0,0,1,7,3,0,0,0,0,0,15,0,0,1,0,normal,2026-03-16 10:16:54
0,0,0,0,0,822,17,0,1,0,0,0,0,200,0,0,0,1,8,3,0,0,0,0,0,15,0,0,1,0,normal,2026-03-16 10:16:54
0,0,0,0,0,826,17,0,1,0,0,0,0,200,0,0,0,1,9,3,0,0,0,0,0,15,0,0,1,0,normal,2026-03-16 10:16:54
0,0,0,0,0,812,17,0,1,0,0,0,0,200,0,0,0,1,10,3,0,0,0,0,0,15,0,0,1,0,normal,2026-03-16 10:16:54
0,0,0,0,0,768,17,0,1,0,0,0,0,200,0,0,0,1,11,3,0,0,0,0,0,15,0,0,1,0,normal,2026-03-16 10:16:54
0,0,0,0,0,826,17,0,1,0,0,0,0,200,0,0,0,1,12,3,0,0,0,0,0,15,0,0,1,0,normal,2026-03-16 10:16:54
0,0,0,0,0,782,17,0,1,0,0,0,0,200,0,0,0,1,13,3,0,0,0,0,0,15,0,0,1,0,normal,2026-03-16 10:16:54
0,0,0,0,0,745,17,0,1,0,0,0,0,200,0,0,0,1,14,3,0,0,0,0,0,15,0,0,1,0,normal,2026-03-16 10:16:54
0,0,0,0,0,798,17,0,1,0,0,0,0,200,0,0,0,1,15,3,0,0,0,0,0,15,0,0,1,0,normal,2026-03-16 10:16:54
0,0,0,0,0,804,17,0,1,0,0,0,0,200,0,0,0,1,16,3,0,0,0,0,0,15,0,0,1,0,normal,2026-03-16 10:16:54
0,1,0,0,0,0,21,0,1,0,0,0,0,200,954624,0,0,1,15,2,0,0,0,0,0,27,0,0,4,0,normal,2026-03-16 10:16:58
0,1,0,0,0,0,17,0,1,0,0,0,0,200,1050,0,1,0,16,2,0,0,0,0,0,15,0,0,2,0,normal,2026-03-16 10:16:58
0,1,0,0,0,2260,27,0,1,0,0,0,0,200,6056,0,1,0,17,2,0,0,0,0,0,15,0,0,2,0,normal,2026-03-16 10:16:59
0,1,0,0,0,0,27,0,1,0,1,0,0,200,15,0,1,0,18,6,0,0,0,1,0,27,0,0,1,0,normal,2026-03-16 10:16:59
0,1,0,0,0,1871,27,0,1,0,0,0,0,200,2409,0,1,0,19,2,0,0,0,0,0,15,0,0,2,0,normal,2026-03-16 10:16:59
0,1,0,0,0,1908,27,0,1,0,0,0,0,200,31507,0,1,0,20,2,0,0,0,0,0,15,0,0,3,0,normal,2026-03-16 10:16:59
0,1,0,0,0,2076,27,0,1,0,0,0,0,200,432,0,1,0,21,2,0,0,0,0,0,15,0,0,1,0,normal,2026-03-16 10:16:59
0,1,0,0,0,2051,27,0,1,0,0,0,0,200,428764,0,1,0,22,2,0,0,0,0,0,15,0,0,4,0,normal,2026-03-16 10:17:00
0,1,0,0,0,0,23,0,1,0,1,0,0,200,115,0,1,0,23,5,0,0,0,1,0,57,0,0,1,0,normal,2026-03-16 10:17:00
0,1,0,0,0,0,23,0,1,0,1,0,0,200,203,0,1,0,24,5,0,0,0,1,0,27,0,0,1,0,normal,2026-03-16 10:17:00
0,1,0,0,0,429,8,0,0,0,0,0,0,200,0,0,0,1,1,3,0,0,0,0,0,162,0,0,1,0,normal,2026-03-16 10:17:24
0,1,0,0,0,0,21,0,1,0,0,0,0,200,954844,0,0,1,1,2,0,0,0,0,0,15,0,0,4,0,normal,2026-03-16 10:19:06
0,1,0,0,0,0,17,0,1,0,0,0,0,200,1050,0,1,0,2,2,0,0,0,0,0,15,0,0,2,0,normal,2026-03-16 10:19:07
0,1,0,0,0,1488,27,0,1,0,0,0,0,200,4209,0,1,0,3,2,0,0,0,0,0,15,0,0,2,0,normal,2026-03-16 10:19:07
0,1,0,0,0,2070,27,0,1,0,0,0,0,200,432,0,1,0,4,2,0,0,0,0,0,15,0,0,1,0,normal,2026-03-16 10:19:07
0,1,0,0,0,0,27,0,1,0,1,0,0,200,15,0,1,0,5,6,0,0,0,1,0,15,0,0,1,0,normal,2026-03-16 10:19:07
0,1,0,0,0,1099,27,0,1,0,0,0,0,200,5236,0,1,0,6,2,0,0,0,0,0,15,0,0,2,0,normal,2026-03-16 10:19:07
0,1,0,0,0,1282,27,0,1,0,0,0,0,200,396406,0,1,0,7,2,0,0,0,0,0,15,0,0,4,0,normal,2026-03-16 10:19:07
0,1,0,0,0,0,23,0,1,0,1,0,0,200,115,0,1,0,8,5,0,0,0,1,0,43,0,0,1,0,normal,2026-03-16 10:19:08
0,1,0,0,0,1136,27,0,1,0,0,0,0,200,71819,0,1,0,9,2,0,0,0,0,0,15,0,0,3,0,normal,2026-03-16 10:19:08
0,1,0,0,0,0,23,0,1,0,1,0,0,200,203,0,1,0,10,5,0,0,0,1,0,15,0,0,1,0,normal,2026-03-16 10:19:08
0,1,0,0,0,2224,27,0,1,0,0,0,0,200,73249,0,1,0,11,2,0,0,0,0,0,15,0,0,3,0,normal,2026-03-16 10:19:09
0,0,0,0,0,0,15,0,1,0,0,0,0,200,85217,0,0,1,12,3,0,0,0,0,0,15,0,0,3,0,normal,2026-03-16 10:19:13
0,1,0,0,0,0,23,0,1,0,1,0,0,200,115,0,1,0,13,5,0,0,0,1,0,43,0,0,1,0,normal,2026-03-16 10:19:15
0,1,0,0,0,425,8,0,0,0,0,0,0,200,0,0,0,1,2,3,0,0,0,0,0,162,0,0,1,0,normal,2026-03-16 10:19:24
1,0,0,0,0,0,20,0,1,0,0,0,0,200,123632,0,0,1,1,2,0,0,0,0,0,484,0,0,4,0,normal,2026-03-16 10:19:51
1,0,0,0,0,0,32,0,1,0,0,0,0,200,2265543,0,0,1,1,1,0,0,1,0,1,35,0,0,5,0,normal,2026-03-16 10:20:31
1,0,0,0,0,0,20,0,1,0,0,0,0,200,123828,0,0,1,1,2,0,0,0,0,0,484,0,0,4,0,normal,2026-03-16 10:21:04
0,0,1,0,0,0,15,0,1,0,0,0,0,200,301412,0,0,1,2,2,0,0,0,0,0,15,0,0,4,0,normal,2026-03-16 10:21:05
1,0,0,0,0,0,32,0,1,0,0,0,0,200,1125157,0,0,1,1,1,0,0,0,0,0,61,0,0,5,0,normal,2026-03-16 10:21:23
1,0,0,0,0,0,20,0,1,0,0,0,0,200,124515,0,0,1,1,2,0,0,0,0,0,484,0,0,4,0,normal,2026-03-16 10:21:48
1,0,0,0,0,0,20,0,1,0,0,0,0,200,124339,0,0,1,2,2,0,0,0,0,0,484,0,0,4,0,normal,2026-03-16 10:21:57
1,0,0,0,0,0,20,0,1,0,0,0,0,200,123945,0,0,1,1,2,0,0,0,0,0,484,0,0,4,0,normal,2026-03-16 10:22:56
1,0,0,0,0,0,20,0,1,0,0,0,0,200,124119,0,0,1,1,2,0,0,0,0,0,484,0,0,4,0,normal,2026-03-16 10:23:33
0,0,0,0,0,0,14,0,1,0,0,0,0,200,672,0,0,1,2,2,0,0,0,0,0,168,0,0,1,0,normal,2026-03-16 10:23:37
0,0,0,0,0,0,15,0,1,0,0,0,0,200,0,0,0,1,3,2,0,0,0,0,0,107,0,0,1,0,normal,2026-03-16 10:23:40
0,1,0,0,0,0,21,0,1,0,0,0,0,200,954099,0,0,1,1,2,0,0,0,0,0,27,0,0,4,0,normal,2026-03-16 10:24:29
0,1,0,0,0,0,17,0,1,0,0,0,0,200,1050,0,1,0,2,2,0,0,0,0,0,15,0,0,2,0,normal,2026-03-16 10:24:30
0,1,0,0,0,1808,27,0,1,0,0,0,0,200,272,0,1,0,3,2,0,0,0,0,0,15,0,0,1,0,normal,2026-03-16 10:24:30
0,1,0,0,0,2197,27,0,1,0,0,0,0,200,5860,0,1,0,4,2,0,0,0,0,0,15,0,0,2,0,normal,2026-03-16 10:24:30
0,1,0,0,0,0,27,0,1,0,1,0,0,200,15,0,1,0,5,6,0,0,0,1,0,27,0,0,1,0,normal,2026-03-16 10:24:30
0,1,0,0,0,2060,27,0,1,0,0,0,0,200,432,0,1,0,6,2,0,0,0,0,0,15,0,0,1,0,normal,2026-03-16 10:24:30
0,1,0,0,0,0,13,0,1,0,0,0,0,200,272088,0,1,0,7,4,0,0,0,0,0,15,0,0,4,0,normal,2026-03-16 10:24:30
0,1,0,0,0,1845,27,0,1,0,0,0,0,200,71811,0,1,0,8,2,0,0,0,0,0,15,0,0,3,0,normal,2026-03-16 10:24:30
0,1,0,0,0,0,23,0,1,0,1,0,0,200,115,0,1,0,9,5,0,0,0,1,0,57,0,0,1,0,normal,2026-03-16 10:24:31
0,1,0,0,0,1986,27,0,1,0,0,0,0,200,452783,0,1,0,10,2,0,0,0,0,0,15,0,0,4,0,normal,2026-03-16 10:24:31
0,1,0,0,0,0,23,0,1,0,1,0,0,200,203,0,1,0,11,5,0,0,0,1,0,27,0,0,1,0,normal,2026-03-16 10:24:31
0,1,0,0,0,2214,27,0,1,0,0,0,0,200,74880,0,1,0,12,2,0,0,0,0,0,15,0,0,3,0,normal,2026-03-16 10:24:32
0,0,0,0,0,0,15,0,1,0,0,0,0,200,85214,0,0,1,13,3,0,0,0,0,0,15,0,0,3,0,normal,2026-03-16 10:24:34
0,0,0,0,0,0,21,0,1,0,0,0,0,200,1251626,0,0,1,1,2,0,0,0,0,0,15,0,0,5,0,normal,2026-03-16 10:25:01
1,0,0,0,0,0,32,0,1,0,0,0,0,200,1428688,0,0,1,2,1,0,0,1,0,1,35,0,0,5,0,normal,2026-03-16 10:25:05
0,1,0,0,0,424,8,0,0,0,0,0,0,200,0,0,0,1,1,3,0,0,0,0,0,162,0,0,1,0,normal,2026-03-16 10:25:24
0,0,0,0,0,413,8,0,0,0,0,0,0,200,0,0,0,1,2,3,0,0,0,0,0,163,0,0,1,0,normal,2026-03-16 10:25:24
0,0,0,0,0,481,8,0,0,0,0,0,0,200,0,0,0,1,3,3,0,0,0,0,0,138,0,0,1,0,normal,2026-03-16 10:25:24
1,0,0,0,0,0,20,0,1,0,0,0,0,200,121712,0,0,1,4,2,0,0,0,0,0,484,0,0,4,0,normal,2026-03-16 10:25:33
1,0,0,0,0,0,20,0,1,0,0,0,0,200,125315,0,0,1,2,2,0,0,0,0,0,15,0,0,4,0,normal,2026-03-16 10:25:38
0,0,0,0,0,0,15,0,1,0,0,0,0,200,672,0,0,1,3,2,0,0,0,0,0,168,0,0,1,0,normal,2026-03-16 10:25:42
0,0,0,0,0,0,15,0,1,0,0,0,0,200,0,0,0,1,3,2,0,0,0,0,0,107,0,0,1,0,normal,2026-03-16 10:25:44
1,0,0,0,0,0,20,0,1,0,0,0,0,200,121597,0,0,1,1,2,0,0,0,0,0,484,0,0,4,0,normal,2026-03-16 10:27:42
1,0,0,0,0,0,20,0,1,0,0,0,0,200,124145,0,0,1,1,2,0,0,0,0,0,484,0,0,4,0,normal,2026-03-16 10:28:59
0,1,0,0,0,0,21,0,1,0,0,0,0,200,954170,0,0,1,1,2,0,0,0,0,0,27,0,0,4,0,normal,2026-03-16 10:29:52
0,1,0,0,0,0,17,0,1,0,0,0,0,200,1050,0,1,0,2,2,0,0,0,0,0,15,0,0,2,0,normal,2026-03-16 10:29:53
0,1,0,0,0,1475,27,0,1,0,0,0,0,200,4382,0,1,0,3,2,0,0,0,0,0,15,0,0,2,0,normal,2026-03-16 10:29:53
0,1,0,0,0,0,27,0,1,0,1,0,0,200,15,0,1,0,4,6,0,0,0,1,0,27,0,0,1,0,normal,2026-03-16 10:29:53
0,1,0,0,0,2076,27,0,1,0,0,0,0,200,432,0,1,0,5,2,0,0,0,0,0,15,0,0,1,0,normal,2026-03-16 10:29:53
0,1,0,0,0,1864,27,0,1,0,0,0,0,200,3343,0,1,0,6,2,0,0,0,0,0,15,0,0,2,0,normal,2026-03-16 10:29:54
0,1,0,0,0,1512,27,0,1,0,0,0,0,200,71473,0,1,0,7,2,0,0,0,0,0,15,0,0,3,0,normal,2026-03-16 10:29:54
0,1,0,0,0,1652,27,0,1,0,0,0,0,200,497090,0,1,0,8,2,0,0,0,0,0,15,0,0,4,0,normal,2026-03-16 10:29:54
0,1,0,0,0,0,23,0,1,0,1,0,0,200,115,0,1,0,9,5,0,0,0,1,0,57,0,0,1,0,normal,2026-03-16 10:29:54
0,1,0,0,0,2230,27,0,1,0,0,0,0,200,43401,0,1,0,10,2,0,0,0,0,0,15,0,0,3,0,normal,2026-03-16 10:29:56
0,1,0,0,0,0,23,0,1,0,1,0,0,200,203,0,1,0,11,5,0,0,0,1,0,27,0,0,1,0,normal,2026-03-16 10:29:56
0,0,0,0,0,0,15,0,1,0,0,0,0,200,85217,0,0,1,12,3,0,0,0,0,0,15,0,0,3,0,normal,2026-03-16 10:29:57
0,1,0,0,0,2174,27,0,1,0,0,0,0,200,346,0,1,0,13,2,0,0,0,0,0,15,0,0,1,0,normal,2026-03-16 10:29:57
0,1,0,0,0,0,23,0,1,0,1,0,0,200,115,0,1,0,14,5,0,0,0,1,0,57,0,0,1,0,normal,2026-03-16 10:30:01
0,0,0,0,0,0,21,0,1,0,0,0,0,200,1220686,0,0,1,2,2,0,0,0,0,0,15,0,0,5,0,normal,2026-03-16 10:30:11
0,0,0,0,0,5686,24,0,1,0,0,0,0,200,260430,0,0,1,2,3,0,0,0,1,0,15,0,0,4,0,normal,2026-03-16 10:30:13
0,1,0,0,0,425,8,0,0,0,0,0,0,200,0,0,0,1,1,3,0,0,0,0,0,162,0,0,1,0,normal,2026-03-16 10:30:24
0,0,0,0,0,426,8,0,0,0,0,0,0,200,0,0,0,1,2,3,0,0,0,0,0,163,0,0,1,0,normal,2026-03-16 10:30:24
0,0,0,0,0,481,8,0,0,0,0,0,0,200,0,0,0,1,3,3,0,0,0,0,0,138,0,0,1,0,normal,2026-03-16 10:30:24
1,0,0,0,0,0,20,0,1,0,0,0,0,200,121776,0,0,1,4,2,0,0,0,0,0,484,0,0,4,0,normal,2026-03-16 10:30:28
0,0,0,0,0,137,12,0,0,0,0,0,0,200,0,0,0,1,2,4,0,0,0,0,0,15,0,0,1,0,normal,2026-03-16 10:30:34
0,0,0,0,0,138,12,0,0,0,0,0,0,200,0,0,0,1,3,4,0,0,0,0,0,15,0,0,1,0,normal,2026-03-16 10:30:35
0,0,0,0,0,0,21,0,1,0,0,0,0,200,1197574,0,0,1,1,2,0,0,0,0,0,15,0,0,5,0,normal,2026-03-16 10:30:49
0,0,0,0,0,5687,24,0,1,0,0,0,0,200,229523,0,0,1,2,3,0,0,0,1,0,15,0,0,4,0,normal,2026-03-16 10:30:51
0,0,0,0,0,2801,24,0,1,0,0,0,0,200,125,0,0,1,3,3,0,0,0,1,0,15,0,0,1,0,normal,2026-03-16 10:30:52
0,0,0,0,0,5826,24,0,1,0,0,0,0,200,209485,0,0,1,4,3,0,0,0,1,0,15,0,0,4,0,normal,2026-03-16 10:30:52
0,0,0,0,0,138,12,0,0,0,0,0,0,200,0,0,0,1,1,4,0,0,0,0,0,15,0,0,1,0,normal,2026-03-16 10:31:04
0,0,0,0,0,137,12,0,0,0,0,0,0,200,0,0,0,1,2,4,0,0,0,0,0,15,0,0,1,0,normal,2026-03-16 10:31:04
0,0,0,0,0,138,12,0,0,0,0,0,0,200,0,0,0,1,3,4,0,0,0,0,0,15,0,0,1,0,normal,2026-03-16 10:31:06
0,0,0,0,0,419,8,0,0,0,0,0,0,200,0,0,0,1,1,3,0,0,0,0,0,163,0,0,1,0,normal,2026-03-16 10:31:24
1,0,0,0,0,0,20,0,1,0,0,0,0,200,123160,0,0,1,1,2,0,0,0,0,0,484,0,0,4,0,normal,2026-03-16 10:32:22
0,0,0,0,0,0,15,0,1,0,0,0,0,200,672,0,0,1,1,2,0,0,0,0,0,168,0,0,1,0,normal,2026-03-16 10:33:18
0,0,0,0,0,0,15,0,1,0,0,0,0,200,0,0,0,1,2,2,0,0,0,0,0,107,0,0,1,0,normal,2026-03-16 10:33:20
0,1,0,0,0,0,21,0,1,0,0,0,0,200,955036,0,0,1,3,2,0,0,0,0,0,15,0,0,4,0,normal,2026-03-16 10:33:25
0,1,0,0,0,0,17,0,1,0,0,0,0,200,1050,0,1,0,4,2,0,0,0,0,0,15,0,0,2,0,normal,2026-03-16 10:33:26
0,1,0,0,0,1846,27,0,1,0,0,0,0,200,193,0,1,0,5,2,0,0,0,0,0,15,0,0,1,0,normal,2026-03-16 10:33:26
0,1,0,0,0,0,27,0,1,0,1,0,0,200,15,0,1,0,6,6,0,0,0,1,0,15,0,0,1,0,normal,2026-03-16 10:33:26
0,1,0,0,0,2198,27,0,1,0,0,0,0,200,5123,0,1,0,7,2,0,0,0,0,0,15,0,0,2,0,normal,2026-03-16 10:33:26
0,1,0,0,0,2070,27,0,1,0,0,0,0,200,432,0,1,0,8,2,0,0,0,0,0,15,0,0,1,0,normal,2026-03-16 10:33:26
0,1,0,0,0,0,23,0,1,0,1,0,0,200,115,0,1,0,9,5,0,0,0,1,0,43,0,0,1,0,normal,2026-03-16 10:33:27
0,1,0,0,0,1809,27,0,1,0,0,0,0,200,35309,0,1,0,10,2,0,0,0,0,0,15,0,0,3,0,normal,2026-03-16 10:33:27
0,1,0,0,0,0,23,0,1,0,1,0,0,200,203,0,1,0,11,5,0,0,0,1,0,15,0,0,1,0,normal,2026-03-16 10:33:27
0,1,0,0,0,1994,27,0,1,0,0,0,0,200,343164,0,1,0,12,2,0,0,0,0,0,15,0,0,4,0,normal,2026-03-16 10:33:27
0,0,0,0,0,0,21,0,1,0,0,0,0,200,1239630,0,0,1,5,2,0,0,0,0,0,15,0,0,5,0,normal,2026-03-16 10:33:36
0,1,0,0,0,427,8,0,0,0,0,0,0,200,0,0,0,1,1,3,0,0,0,0,0,162,0,0,1,0,normal,2026-03-16 10:34:24
0,0,0,0,0,416,8,0,0,0,0,0,0,200,0,0,0,1,2,3,0,0,0,0,0,163,0,0,1,0,normal,2026-03-16 10:34:24
0,0,0,0,0,0,21,0,1,0,0,0,0,200,1196016,0,0,1,1,2,0,0,0,0,0,15,0,0,5,0,normal,2026-03-16 10:36:37
0,0,0,0,0,5684,24,0,1,0,0,0,0,200,242372,0,0,1,2,3,0,0,0,1,0,15,0,0,4,0,normal,2026-03-16 10:36:40
0,0,0,0,0,5730,24,0,1,0,0,0,0,200,162562,0,0,1,3,3,0,0,0,1,0,15,0,0,4,0,normal,2026-03-16 10:36:42
0,0,0,0,0,5732,24,0,1,0,0,0,0,200,128569,0,0,1,4,3,0,0,0,1,0,15,0,0,4,0,normal,2026-03-16 10:36:43
0,0,0,0,0,5760,24,0,1,0,0,0,0,200,125628,0,0,1,5,3,0,0,0,1,0,15,0,0,4,0,normal,2026-03-16 10:36:44
0,0,0,0,0,5732,24,0,1,0,0,0,0,200,132809,0,0,1,6,3,0,0,0,1,0,15,0,0,4,0,normal,2026-03-16 10:36:45
0,0,0,0,0,430,8,0,0,0,0,0,0,200,0,0,0,1,1,3,0,0,0,0,0,163,0,0,1,0,normal,2026-03-16 10:37:24
0,0,0,0,0,0,21,0,1,0,0,0,0,200,1234883,0,0,1,1,3,0,0,0,0,0,15,0,0,5,0,normal,2026-03-16 10:39:36
0,0,0,0,0,0,21,0,1,0,0,0,0,200,1244846,0,0,1,1,3,0,0,0,0,0,15,0,0,5,0,normal,2026-03-16 10:40:13
0,0,0,0,0,463,8,0,0,0,0,0,0,200,0,0,0,1,1,3,0,0,0,0,0,163,0,0,1,0,normal,2026-03-16 10:40:24
0,0,0,0,0,437,8,0,0,0,0,0,0,200,0,0,0,1,2,3,0,0,0,0,0,163,0,0,1,0,normal,2026-03-16 10:40:24
0,1,0,0,0,0,15,0,1,0,0,0,0,301,0,0,0,1,1,1,0,0,0,0,0,15,0,0,1,0,reels,2026-03-16 10:41:05
0,1,0,0,0,0,21,0,1,0,0,0,0,200,1168901,0,0,1,2,1,0,0,0,0,0,15,0,0,5,0,reels,2026-03-16 10:41:07
0,1,0,0,0,0,17,0,1,0,0,0,0,200,1050,0,1,0,3,2,0,0,0,0,0,15,0,0,2,0,reels,2026-03-16 10:41:08
0,1,0,0,0,0,23,0,1,0,1,0,0,200,115,0,1,0,4,5,0,0,0,1,0,43,0,0,1,0,reels,2026-03-16 10:41:10
0,1,0,0,0,0,27,0,1,0,1,0,0,200,15,0,1,0,5,6,0,0,0,1,0,15,0,0,1,0,reels,2026-03-16 10:41:10
0,1,0,0,0,0,23,0,1,0,1,0,0,200,203,0,1,0,6,5,0,0,0,1,0,15,0,0,1,0,reels,2026-03-16 10:41:11
0,1,0,0,0,0,12,0,1,0,0,0,0,200,0,0,1,0,7,1,0,0,0,0,0,15,0,0,1,0,reels,2026-03-16 10:41:11
0,1,0,0,0,5795,17,0,1,0,0,0,0,200,137,0,1,0,8,1,0,0,0,0,0,15,0,0,1,0,reels,2026-03-16 10:41:11
0,0,0,0,0,0,16,0,1,0,0,0,0,200,85217,0,0,1,9,3,0,0,0,0,0,15,0,0,3,0,reels,2026-03-16 10:41:14
0,1,0,0,0,2074,27,0,1,0,0,0,0,200,346,0,1,0,10,2,0,0,0,0,0,15,0,0,1,0,reels,2026-03-16 10:41:15
0,1,0,0,0,2052,27,0,1,0,0,0,0,200,41120,0,1,0,10,2,0,0,0,0,0,15,0,0,3,0,reels,2026-03-16 10:41:15
0,1,0,0,0,2221,27,0,1,0,0,0,0,200,440298,0,1,0,9,2,0,0,0,0,0,15,0,0,4,0,reels,2026-03-16 10:41:19
0,1,0,0,0,0,23,0,1,0,1,0,0,200,115,0,1,0,7,5,0,0,0,1,0,43,0,0,1,0,reels,2026-03-16 10:41:21
0,1,0,0,0,4483,16,0,1,0,0,0,0,200,137,0,1,0,8,1,0,0,0,0,0,15,0,0,1,0,reels,2026-03-16 10:41:21
0,1,0,0,0,1456,17,0,1,0,0,0,0,200,137,0,1,0,7,1,0,0,0,0,0,15,0,0,1,0,reels,2026-03-16 10:41:21
0,1,0,0,0,225,27,0,1,0,1,0,0,200,137,0,1,0,8,5,0,0,0,1,0,15,0,0,1,0,reels,2026-03-16 10:41:22
0,1,0,0,0,0,23,0,1,0,1,0,0,200,203,0,1,0,9,5,0,0,0,1,0,15,0,0,1,0,reels,2026-03-16 10:41:22
0,1,0,0,0,414,8,0,0,0,0,0,0,200,0,0,0,1,9,3,0,0,0,0,0,162,0,0,1,0,reels,2026-03-16 10:41:24
0,0,0,0,0,480,8,0,0,0,0,0,0,200,0,0,0,1,10,3,0,0,0,0,0,138,0,0,1,0,reels,2026-03-16 10:41:24
0,1,0,0,0,0,23,0,1,0,1,0,0,200,115,0,1,0,11,5,0,0,0,1,0,43,0,0,1,0,reels,2026-03-16 10:41:25
0,1,0,0,0,0,23,0,1,0,1,0,0,200,203,0,1,0,11,5,0,0,0,1,0,15,0,0,1,0,reels,2026-03-16 10:41:25
0,1,0,0,0,4576,17,0,1,0,0,0,0,200,137,0,1,0,11,1,0,0,0,0,0,15,0,0,1,0,reels,2026-03-16 10:41:25
0,1,0,0,0,5532,17,0,1,0,0,0,0,200,137,0,1,0,2,1,0,0,0,0,0,15,0,0,1,0,reels,2026-03-16 10:41:35
0,1,0,0,0,5522,17,0,1,0,0,0,0,200,137,0,1,0,1,1,0,0,0,0,0,15,0,0,1,0,reels,2026-03-16 10:41:45
0,1,0,0,0,4704,17,0,1,0,0,0,0,200,137,0,1,0,1,1,0,0,0,0,0,15,0,0,1,0,reels,2026-03-16 10:41:56
0,1,0,0,0,14826,17,0,1,0,0,0,0,200,137,0,1,0,2,1,0,0,0,0,0,15,0,0,1,0,reels,2026-03-16 10:42:05
0,1,0,0,0,4702,17,0,1,0,0,0,0,200,137,0,1,0,2,1,0,0,0,0,0,15,0,0,1,0,reels,2026-03-16 10:42:15
0,1,0,0,0,6551,17,0,1,0,0,0,0,200,137,0,1,0,1,1,0,0,0,0,0,15,0,0,1,0,reels,2026-03-16 10:42:25
0,1,0,0,0,9760,17,0,1,0,0,0,0,200,137,0,1,0,2,1,0,0,0,0,0,15,0,0,1,0,reels,2026-03-16 10:42:35
0,1,0,0,0,0,23,0,1,0,1,0,0,200,115,0,1,0,2,5,0,0,0,1,0,43,0,0,1,0,reels,2026-03-16 10:42:36
0,1,0,0,0,226,27,0,1,0,1,0,0,200,138,0,1,0,3,5,0,0,0,1,0,15,0,0,1,0,reels,2026-03-16 10:42:36
0,1,0,0,0,0,23,0,1,0,1,0,0,200,203,0,1,0,4,5,0,0,0,1,0,15,0,0,1,0,reels,2026-03-16 10:42:37
0,1,0,0,0,0,23,0,1,0,1,0,0,200,116,0,1,0,5,5,0,0,0,1,0,43,0,0,1,0,reels,2026-03-16 10:42:39
0,1,0,0,0,0,23,0,1,0,1,0,0,200,203,0,1,0,6,5,0,0,0,1,0,15,0,0,1,0,reels,2026-03-16 10:42:39
0,1,0,0,0,5567,17,0,1,0,0,0,0,200,137,0,1,0,7,1,0,0,0,0,0,15,0,0,1,0,reels,2026-03-16 10:42:40
0,1,0,0,0,5506,16,0,1,0,0,0,0,200,137,0,1,0,8,1,0,0,0,0,0,15,0,0,1,0,reels,2026-03-16 10:42:43
0,1,0,0,0,0,23,0,1,0,1,0,0,200,116,0,1,0,9,5,0,0,0,1,0,43,0,0,1,0,reels,2026-03-16 10:42:43
0,1,0,0,0,226,27,0,1,0,1,0,0,200,138,0,1,0,10,5,0,0,0,1,0,15,0,0,1,0,reels,2026-03-16 10:42:44
0,1,0,0,0,0,23,0,1,0,1,0,0,200,203,0,1,0,11,5,0,0,0,1,0,15,0,0,1,0,reels,2026-03-16 10:42:44
0,1,0,0,0,0,23,0,1,0,1,0,0,200,116,0,1,0,10,5,0,0,0,1,0,43,0,0,1,0,reels,2026-03-16 10:42:46
0,1,0,0,0,0,23,0,1,0,1,0,0,200,203,0,1,0,10,5,0,0,0,1,0,15,0,0,1,0,reels,2026-03-16 10:42:46
0,1,0,0,0,5564,17,0,1,0,0,0,0,200,137,0,1,0,10,1,0,0,0,0,0,15,0,0,1,0,reels,2026-03-16 10:42:47
0,1,0,0,0,8468,17,0,1,0,0,0,0,200,137,0,1,0,1,1,0,0,0,0,0,15,0,0,1,0,reels,2026-03-16 10:42:57
0,1,0,0,0,7496,17,0,1,0,0,0,0,200,137,0,1,0,1,1,0,0,0,0,0,15,0,0,1,0,reels,2026-03-16 10:43:07
0,1,0,0,0,19540,17,0,1,0,0,0,0,200,137,0,1,0,1,1,0,0,0,0,0,15,0,0,1,0,reels,2026-03-16 10:43:17
0,1,0,0,0,3067,27,0,1,0,0,0,0,200,253086,0,1,0,2,2,0,0,0,0,0,15,0,0,4,0,reels,2026-03-16 10:43:21
0,1,0,0,0,7507,17,0,1,0,0,0,0,200,137,0,1,0,3,1,0,0,0,0,0,15,0,0,1,0,reels,2026-03-16 10:43:27
0,1,0,0,0,17757,17,0,1,0,0,0,0,200,137,0,1,0,1,1,0,0,0,0,0,15,0,0,1,0,reels,2026-03-16 10:43:37
0,1,0,0,0,12494,17,0,1,0,0,0,0,200,137,0,1,0,2,1,0,0,0,0,0,15,0,0,1,0,reels,2026-03-16 10:43:47
0,1,0,0,0,13523,17,0,1,0,0,0,0,200,137,0,1,0,1,1,0,0,0,0,0,15,0,0,1,0,reels,2026-03-16 10:43:57
0,1,0,0,0,2866,27,0,1,0,0,0,0,200,204145,0,1,0,2,2,0,0,0,0,0,15,0,0,4,0,reels,2026-03-16 10:43:57
0,1,0,0,0,8520,17,0,1,0,0,0,0,200,137,0,1,0,3,1,0,0,0,0,0,15,0,0,1,0,reels,2026-03-16 10:44:07
0,1,0,0,0,13524,17,0,1,0,0,0,0,200,137,0,1,0,1,1,0,0,0,0,0,15,0,0,1,0,reels,2026-03-16 10:44:17
0,1,0,0,0,6479,17,0,1,0,0,0,0,200,137,0,1,0,2,1,0,0,0,0,0,15,0,0,1,0,reels,2026-03-16 10:44:27
0,1,0,0,0,18497,17,0,1,0,0,0,0,200,137,0,1,0,1,1,0,0,0,0,0,15,0,0,1,0,reels,2026-03-16 10:44:37
0,1,0,0,0,2950,27,0,1,0,0,0,0,200,241039,0,1,0,2,2,0,0,0,0,0,15,0,0,4,0,reels,2026-03-16 10:44:39
0,1,0,0,0,2521,17,0,1,0,0,0,0,200,137,0,1,0,3,1,0,0,0,0,0,15,0,0,1,0,reels,2026-03-16 10:44:47
0,1,0,0,0,15669,17,0,1,0,0,0,0,200,137,0,1,0,1,1,0,0,0,0,0,15,0,0,1,0,reels,2026-03-16 10:44:57
0,1,0,0,0,7505,17,0,1,0,0,0,0,200,137,0,1,0,2,1,0,0,0,0,0,15,0,0,1,0,reels,2026-03-16 10:45:07
0,1,0,0,0,10728,17,0,1,0,0,0,0,200,137,0,1,0,1,1,0,0,0,0,0,15,0,0,1,0,reels,2026-03-16 10:45:17
0,1,0,0,0,7506,17,0,1,0,0,0,0,200,137,0,1,0,2,1,0,0,0,0,0,15,0,0,1,0,reels,2026-03-16 10:45:27
0,1,0,0,0,15690,17,0,1,0,0,0,0,200,137,0,1,0,1,1,0,0,0,0,0,15,0,0,1,0,reels,2026-03-16 10:45:37
0,1,0,0,0,3034,27,0,1,0,0,0,0,200,460249,0,1,0,2,2,0,0,0,0,0,15,0,0,4,0,reels,2026-03-16 10:45:40
0,1,0,0,0,4703,17,0,1,0,0,0,0,200,137,0,1,0,3,1,0,0,0,0,0,15,0,0,1,0,reels,2026-03-16 10:45:47
0,1,0,0,0,16722,17,0,1,0,0,0,0,200,137,0,1,0,1,1,0,0,0,0,0,15,0,0,1,0,reels,2026-03-16 10:45:57
0,1,0,0,0,1492,17,0,1,0,0,0,0,200,137,0,1,0,2,1,0,0,0,0,0,15,0,0,1,0,reels,2026-03-16 10:46:07
0,1,0,0,0,0,12,0,1,0,0,0,0,200,0,0,1,0,1,1,0,0,0,0,0,15,0,0,1,0,reels,2026-03-16 10:46:17
0,1,0,0,0,4695,17,0,1,0,0,0,0,200,137,0,1,0,2,1,0,0,0,0,0,15,0,0,1,0,reels,2026-03-16 10:46:17
0,1,0,0,0,4705,17,0,1,0,0,0,0,200,137,0,1,0,2,1,0,0,0,0,0,15,0,0,1,0,reels,2026-03-16 10:46:27
0,1,0,0,0,3678,17,0,1,0,0,0,0,200,137,0,1,0,1,1,0,0,0,0,0,15,0,0,1,0,reels,2026-03-16 10:46:37
0,1,0,0,0,2520,17,0,1,0,0,0,0,200,137,0,1,0,1,1,0,0,0,0,0,15,0,0,1,0,reels,2026-03-16 10:46:47
0,1,0,0,0,3678,17,0,1,0,0,0,0,200,137,0,1,0,2,1,0,0,0,0,0,15,0,0,1,0,reels,2026-03-16 10:46:57
0,1,0,0,0,3678,17,0,1,0,0,0,0,200,137,0,1,0,1,1,0,0,0,0,0,15,0,0,1,0,reels,2026-03-16 10:47:07
0,1,0,0,0,5725,17,0,1,0,0,0,0,200,137,0,1,0,1,1,0,0,0,0,0,15,0,0,1,0,reels,2026-03-16 10:47:17
0,1,0,0,0,2520,17,0,1,0,0,0,0,200,137,0,1,0,1,1,0,0,0,0,0,15,0,0,1,0,reels,2026-03-16 10:47:27
0,1,0,0,0,4699,17,0,1,0,0,0,0,200,137,0,1,0,1,1,0,0,0,0,0,15,0,0,1,0,reels,2026-03-16 10:47:37
0,1,0,0,0,4700,17,0,1,0,0,0,0,200,137,0,1,0,1,1,0,0,0,0,0,15,0,0,1,0,reels,2026-03-16 10:47:47
0,1,0,0,0,2519,17,0,1,0,0,0,0,200,137,0,1,0,1,1,0,0,0,0,0,15,0,0,1,0,reels,2026-03-16 10:47:57
0,1,0,0,0,4698,17,0,1,0,0,0,0,200,137,0,1,0,1,1,0,0,0,0,0,15,0,0,1,0,reels,2026-03-16 10:48:07
0,1,0,0,0,5732,17,0,1,0,0,0,0,200,137,0,1,0,1,1,0,0,0,0,0,15,0,0,1,0,reels,2026-03-16 10:48:17
0,1,0,0,0,4706,17,0,1,0,0,0,0,200,137,0,1,0,1,1,0,0,0,0,0,15,0,0,1,0,reels,2026-03-16 10:48:27
0,1,0,0,0,2523,17,0,1,0,0,0,0,200,137,0,1,0,1,1,0,0,0,0,0,15,0,0,1,0,reels,2026-03-16 10:48:37
0,1,0,0,0,4705,17,0,1,0,0,0,0,200,137,0,1,0,1,1,0,0,0,0,0,15,0,0,1,0,reels,2026-03-16 10:48:47
0,1,0,0,0,4705,17,0,1,0,0,0,0,200,137,0,1,0,1,1,0,0,0,0,0,15,0,0,1,0,reels,2026-03-16 10:48:57
0,1,0,0,0,5730,17,0,1,0,0,0,0,200,137,0,1,0,1,1,0,0,0,0,0,15,0,0,1,0,reels,2026-03-16 10:49:07
0,1,0,0,0,2522,17,0,1,0,0,0,0,200,137,0,1,0,1,1,0,0,0,0,0,15,0,0,1,0,reels,2026-03-16 10:49:17
0,1,0,0,0,4705,17,0,1,0,0,0,0,200,137,0,1,0,1,1,0,0,0,0,0,15,0,0,1,0,reels,2026-03-16 10:49:27
0,1,0,0,0,4704,17,0,1,0,0,0,0,200,137,0,1,0,1,1,0,0,0,0,0,15,0,0,1,0,reels,2026-03-16 10:49:38
0,1,0,0,0,8539,17,0,1,0,0,0,0,200,137,0,1,0,1,1,0,0,0,0,0,15,0,0,1,0,reels,2026-03-16 10:49:48
0,1,0,0,0,1494,17,0,1,0,0,0,0,200,137,0,1,0,2,1,0,0,0,0,0,15,0,0,1,0,reels,2026-03-16 10:49:58
0,1,0,0,0,9674,16,0,1,0,0,0,0,200,137,0,1,0,2,1,0,0,0,0,0,15,0,0,1,0,reels,2026-03-16 10:49:59
0,1,0,0,0,0,23,0,1,0,1,0,0,200,116,0,1,0,3,5,0,0,0,1,0,43,0,0,1,0,reels,2026-03-16 10:49:59
0,1,0,0,0,226,27,0,1,0,1,0,0,200,138,0,1,0,4,5,0,0,0,1,0,15,0,0,1,0,reels,2026-03-16 10:49:59
0,1,0,0,0,0,23,0,1,0,1,0,0,200,203,0,1,0,5,5,0,0,0,1,0,15,0,0,1,0,reels,2026-03-16 10:50:00
0,1,0,0,0,0,23,0,1,0,1,0,0,200,116,0,1,0,6,5,0,0,0,1,0,43,0,0,1,0,reels,2026-03-16 10:50:02
0,1,0,0,0,0,23,0,1,0,1,0,0,200,203,0,1,0,7,5,0,0,0,1,0,15,0,0,1,0,reels,2026-03-16 10:50:02
0,1,0,0,0,6533,17,0,1,0,0,0,0,200,137,0,1,0,8,1,0,0,0,0,0,15,0,0,1,0,reels,2026-03-16 10:50:03
0,1,0,0,0,12500,17,0,1,0,0,0,0,200,137,0,1,0,1,1,0,0,0,0,0,15,0,0,1,0,reels,2026-03-16 10:50:13
0,1,0,0,0,8531,17,0,1,0,0,0,0,200,137,0,1,0,2,1,0,0,0,0,0,15,0,0,1,0,reels,2026-03-16 10:50:23
0,1,0,0,0,6477,17,0,1,0,0,0,0,200,137,0,1,0,1,1,0,0,0,0,0,15,0,0,1,0,reels,2026-03-16 10:50:33
0,1,0,0,0,10711,17,0,1,0,0,0,0,200,137,0,1,0,1,1,0,0,0,0,0,15,0,0,1,0,reels,2026-03-16 10:50:43
0,1,0,0,0,10707,17,0,1,0,0,0,0,200,137,0,1,0,1,1,0,0,0,0,0,15,0,0,1,0,reels,2026-03-16 10:50:53
0,1,0,0,0,8528,17,0,1,0,0,0,0,200,137,0,1,0,1,1,0,0,0,0,0,15,0,0,1,0,reels,2026-03-16 10:51:03
0,1,0,0,0,3532,27,0,1,0,0,0,0,200,464296,0,1,0,2,2,0,0,0,0,0,15,0,0,4,0,reels,2026-03-16 10:51:13
0,1,0,0,0,12494,17,0,1,0,0,0,0,200,137,0,1,0,2,1,0,0,0,0,0,15,0,0,1,0,reels,2026-03-16 10:51:13
0,1,0,0,0,0,12,0,1,0,0,0,0,200,0,0,1,0,2,1,0,0,0,0,0,15,0,0,1,0,reels,2026-03-16 10:51:23
0,1,0,0,0,1493,17,0,1,0,0,0,0,200,137,0,1,0,2,1,0,0,0,0,0,15,0,0,1,0,reels,2026-03-16 10:51:23
0,1,0,0,0,7497,17,0,1,0,0,0,0,200,137,0,1,0,2,1,0,0,0,0,0,15,0,0,1,0,reels,2026-03-16 10:51:33
0,1,0,0,0,6478,17,0,1,0,0,0,0,200,137,0,1,0,1,1,0,0,0,0,0,15,0,0,1,0,reels,2026-03-16 10:51:43
0,1,0,0,0,18512,17,0,1,0,0,0,0,200,137,0,1,0,1,1,0,0,0,0,0,15,0,0,1,0,reels,2026-03-16 10:51:53
0,1,0,0,0,7514,17,0,1,0,0,0,0,200,137,0,1,0,2,1,0,0,0,0,0,15,0,0,1,0,reels,2026-03-16 10:52:03
0,1,0,0,0,7511,17,0,1,0,0,0,0,200,137,0,1,0,1,1,0,0,0,0,0,15,0,0,1,0,reels,2026-03-16 10:52:13
0,1,0,0,0,13527,17,0,1,0,0,0,0,200,137,0,1,0,1,1,0,0,0,0,0,15,0,0,1,0,reels,2026-03-16 10:52:23
0,1,0,0,0,6454,16,0,1,0,0,0,0,200,137,0,1,0,2,1,0,0,0,0,0,15,0,0,1,0,reels,2026-03-16 10:52:28
0,1,0,0,0,0,23,0,1,0,1,0,0,200,116,0,1,0,3,5,0,0,0,1,0,43,0,0,1,0,reels,2026-03-16 10:52:29
0,1,0,0,0,226,27,0,1,0,1,0,0,200,138,0,1,0,4,5,0,0,0,1,0,15,0,0,1,0,reels,2026-03-16 10:52:29
0,1,0,0,0,0,23,0,1,0,1,0,0,200,203,0,1,0,5,5,0,0,0,1,0,15,0,0,1,0,reels,2026-03-16 10:52:29
0,1,0,0,0,0,23,0,1,0,1,0,0,200,116,0,1,0,6,5,0,0,0,1,0,43,0,0,1,0,reels,2026-03-16 10:52:32
0,1,0,0,0,0,23,0,1,0,1,0,0,200,203,0,1,0,7,5,0,0,0,1,0,15,0,0,1,0,reels,2026-03-16 10:52:32
0,1,0,0,0,6518,17,0,1,0,0,0,0,200,137,0,1,0,8,1,0,0,0,0,0,15,0,0,1,0,reels,2026-03-16 10:52:33
0,1,0,0,0,13531,17,0,1,0,0,0,0,200,137,0,1,0,2,1,0,0,0,0,0,15,0,0,1,0,reels,2026-03-16 10:52:42
0,1,0,0,0,3678,17,0,1,0,0,0,0,200,137,0,1,0,1,1,0,0,0,0,0,15,0,0,1,0,reels,2026-03-16 10:52:53
0,1,0,0,0,3688,27,0,1,0,0,0,0,200,264555,0,1,0,2,2,0,0,0,0,0,15,0,0,4,0,reels,2026-03-16 10:53:01
0,1,0,0,0,13532,17,0,1,0,0,0,0,200,137,0,1,0,2,1,0,0,0,0,0,15,0,0,1,0,reels,2026-03-16 10:53:03
0,1,0,0,0,13492,17,0,1,0,0,0,0,200,137,0,1,0,2,1,0,0,0,0,0,15,0,0,1,0,reels,2026-03-16 10:53:13
0,1,0,0,0,17514,17,0,1,0,0,0,0,200,137,0,1,0,2,1,0,0,0,0,0,15,0,0,1,0,reels,2026-03-16 10:53:23
0,1,0,0,0,1492,17,0,1,0,0,0,0,200,137,0,1,0,2,1,0,0,0,0,0,15,0,0,1,0,reels,2026-03-16 10:53:33
0,1,0,0,0,3438,27,0,1,0,0,0,0,200,273138,0,1,0,2,2,0,0,0,0,0,15,0,0,4,0,reels,2026-03-16 10:53:41
0,1,0,0,0,13516,17,0,1,0,0,0,0,200,137,0,1,0,2,1,0,0,0,0,0,15,0,0,1,0,reels,2026-03-16 10:53:43
0,1,0,0,0,12491,17,0,1,0,0,0,0,200,137,0,1,0,1,1,0,0,0,0,0,15,0,0,1,0,reels,2026-03-16 10:53:53
0,1,0,0,0,7509,17,0,1,0,0,0,0,200,137,0,1,0,2,1,0,0,0,0,0,15,0,0,1,0,reels,2026-03-16 10:54:03
0,1,0,0,0,8664,17,0,1,0,0,0,0,200,137,0,1,0,1,1,0,0,0,0,0,15,0,0,1,0,reels,2026-03-16 10:54:13
0,1,0,0,0,1494,17,0,1,0,0,0,0,200,137,0,1,0,1,1,0,0,0,0,0,15,0,0,1,0,reels,2026-03-16 10:54:23
0,1,0,0,0,1494,17,0,1,0,0,0,0,200,137,0,1,0,2,1,0,0,0,0,0,15,0,0,1,0,reels,2026-03-16 10:54:33
0,1,0,0,0,1493,17,0,1,0,0,0,0,200,137,0,1,0,1,1,0,0,0,0,0,15,0,0,1,0,reels,2026-03-16 10:54:43
0,1,0,0,0,12497,17,0,1,0,0,0,0,200,137,0,1,0,1,1,0,0,0,0,0,15,0,0,1,0,reels,2026-03-16 10:54:53
0,1,0,0,0,3522,27,0,1,0,0,0,0,200,241013,0,1,0,2,2,0,0,0,0,0,15,0,0,4,0,reels,2026-03-16 10:54:56
0,1,0,0,0,19530,17,0,1,0,0,0,0,200,137,0,1,0,2,1,0,0,0,0,0,15,0,0,1,0,reels,2026-03-16 10:55:03
0,1,0,0,0,2669,17,0,1,0,0,0,0,200,137,0,1,0,2,1,0,0,0,0,0,15,0,0,1,0,reels,2026-03-16 10:55:13
0,1,0,0,0,1493,17,0,1,0,0,0,0,200,137,0,1,0,1,1,0,0,0,0,0,15,0,0,1,0,reels,2026-03-16 10:55:23
0,1,0,0,0,13491,17,0,1,0,0,0,0,200,137,0,1,0,1,1,0,0,0,0,0,15,0,0,1,0,reels,2026-03-16 10:55:33
0,1,0,0,0,3606,27,0,1,0,0,0,0,200,262057,0,1,0,2,2,0,0,0,0,0,15,0,0,4,0,reels,2026-03-16 10:55:42
0,1,0,0,0,12534,17,0,1,0,0,0,0,200,137,0,1,0,2,1,0,0,0,0,0,15,0,0,1,0,reels,2026-03-16 10:55:43
0,1,0,0,0,10721,17,0,1,0,0,0,0,200,137,0,1,0,2,1,0,0,0,0,0,15,0,0,1,0,reels,2026-03-16 10:55:53
0,1,0,0,0,12500,17,0,1,0,0,0,0,200,137,0,1,0,1,1,0,0,0,0,0,15,0,0,1,0,reels,2026-03-16 10:56:03
0,1,0,0,0,8532,17,0,1,0,0,0,0,200,137,0,1,0,2,1,0,0,0,0,0,15,0,0,1,0,reels,2026-03-16 10:56:13
0,1,0,0,0,0,12,0,1,0,0,0,0,200,0,0,1,0,2,1,0,0,0,0,0,15,0,0,1,0,reels,2026-03-16 10:56:23
0,1,0,0,0,13498,17,0,1,0,0,0,0,200,137,0,1,0,2,1,0,0,0,0,0,15,0,0,1,0,reels,2026-03-16 10:56:24
0,1,0,0,0,0,23,0,1,0,1,0,0,200,116,0,1,0,3,5,0,0,0,1,0,43,0,0,1,0,reels,2026-03-16 10:56:27
0,1,0,0,0,6455,16,0,1,0,0,0,0,200,137,0,1,0,4,1,0,0,0,0,0,15,0,0,1,0,reels,2026-03-16 10:56:27
0,1,0,0,0,226,27,0,1,0,1,0,0,200,138,0,1,0,5,5,0,0,0,1,0,15,0,0,1,0,reels,2026-03-16 10:56:27
0,1,0,0,0,0,23,0,1,0,1,0,0,200,203,0,1,0,6,5,0,0,0,1,0,15,0,0,1,0,reels,2026-03-16 10:56:28
0,1,0,0,0,3690,27,0,1,0,0,0,0,200,250118,0,1,0,7,2,0,0,0,0,0,15,0,0,4,0,reels,2026-03-16 10:56:28
0,1,0,0,0,0,23,0,1,0,1,0,0,200,116,0,1,0,8,5,0,0,0,1,0,43,0,0,1,0,reels,2026-03-16 10:56:30
0,1,0,0,0,0,23,0,1,0,1,0,0,200,203,0,1,0,9,5,0,0,0,1,0,15,0,0,1,0,reels,2026-03-16 10:56:31
0,1,0,0,0,6526,17,0,1,0,0,0,0,200,137,0,1,0,10,1,0,0,0,0,0,15,0,0,1,0,reels,2026-03-16 10:56:31
0,1,0,0,0,10736,17,0,1,0,0,0,0,200,137,0,1,0,1,1,0,0,0,0,0,15,0,0,1,0,reels,2026-03-16 10:56:41
0,1,0,0,0,7508,17,0,1,0,0,0,0,200,137,0,1,0,1,1,0,0,0,0,0,15,0,0,1,0,reels,2026-03-16 10:56:51
0,1,0,0,0,22756,17,0,1,0,0,0,0,200,137,0,1,0,1,1,0,0,0,0,0,15,0,0,1,0,reels,2026-03-16 10:57:01
0,1,0,0,0,8538,17,0,1,0,0,0,0,200,137,0,1,0,2,1,0,0,0,0,0,15,0,0,1,0,reels,2026-03-16 10:57:11
0,1,0,0,0,3774,27,0,1,0,0,0,0,200,485849,0,1,0,2,2,0,0,0,0,0,15,0,0,4,0,reels,2026-03-16 10:57:20
0,1,0,0,0,8539,17,0,1,0,0,0,0,200,137,0,1,0,2,1,0,0,0,0,0,15,0,0,1,0,reels,2026-03-16 10:57:21
0,1,0,0,0,12480,17,0,1,0,0,0,0,200,137,0,1,0,1,1,0,0,0,0,0,15,0,0,1,0,reels,2026-03-16 10:57:32
0,1,0,0,0,1489,17,0,1,0,0,0,0,200,137,0,1,0,1,1,0,0,0,0,0,15,0,0,1,0,reels,2026-03-16 10:57:42
0,1,0,0,0,9677,17,0,1,0,0,0,0,200,137,0,1,0,1,1,0,0,0,0,0,15,0,0,1,0,reels,2026-03-16 10:57:52
0,1,0,0,0,11744,17,0,1,0,0,0,0,200,137,0,1,0,1,1,0,0,0,0,0,15,0,0,1,0,reels,2026-03-16 10:58:02
0,1,0,0,0,1493,17,0,1,0,0,0,0,200,137,0,1,0,1,1,0,0,0,0,0,15,0,0,1,0,reels,2026-03-16 10:58:12
0,1,0,0,0,12482,17,0,1,0,0,0,0,200,137,0,1,0,1,1,0,0,0,0,0,15,0,0,1,0,reels,2026-03-16 10:58:22
0,1,0,0,0,7506,17,0,1,0,0,0,0,200,137,0,1,0,2,1,0,0,0,0,0,15,0,0,1,0,reels,2026-03-16 10:58:32
0,1,0,0,0,13508,17,0,1,0,0,0,0,200,137,0,1,0,1,1,0,0,0,0,0,15,0,0,1,0,reels,2026-03-16 10:58:42
0,1,0,0,0,14547,17,0,1,0,0,0,0,200,137,0,1,0,1,1,0,0,0,0,0,15,0,0,1,0,reels,2026-03-16 10:58:52
0,1,0,0,0,7513,17,0,1,0,0,0,0,200,137,0,1,0,1,1,0,0,0,0,0,15,0,0,1,0,reels,2026-03-16 10:59:02
0,1,0,0,0,4272,27,0,1,0,0,0,0,200,257756,0,1,0,2,2,0,0,0,0,0,15,0,0,4,0,reels,2026-03-16 10:59:09
0,1,0,0,0,13519,17,0,1,0,0,0,0,200,137,0,1,0,2,1,0,0,0,0,0,15,0,0,1,0,reels,2026-03-16 10:59:12
0,1,0,0,0,1493,17,0,1,0,0,0,0,200,137,0,1,0,1,1,0,0,0,0,0,15,0,0,1,0,reels,2026-03-16 10:59:22
0,1,0,0,0,4706,17,0,1,0,0,0,0,200,137,0,1,0,1,1,0,0,0,0,0,15,0,0,1,0,reels,2026-03-16 10:59:32
0,1,0,0,0,3679,17,0,1,0,0,0,0,200,137,0,1,0,1,1,0,0,0,0,0,15,0,0,1,0,reels,2026-03-16 10:59:42
0,1,0,0,0,7506,17,0,1,0,0,0,0,200,137,0,1,0,1,1,0,0,0,0,0,15,0,0,1,0,reels,2026-03-16 10:59:52
0,1,0,0,0,1493,17,0,1,0,0,0,0,200,137,0,1,0,1,1,0,0,0,0,0,15,0,0,1,0,reels,2026-03-16 11:00:02
0,1,0,0,0,9682,17,0,1,0,0,0,0,200,137,0,1,0,1,1,0,0,0,0,0,15,0,0,1,0,reels,2026-03-16 11:00:12
0,1,0,0,0,12469,17,0,1,0,0,0,0,200,137,0,1,0,1,1,0,0,0,0,0,15,0,0,1,0,reels,2026-03-16 11:00:23
0,1,0,0,0,13504,17,0,1,0,0,0,0,200,137,0,1,0,1,1,0,0,0,0,0,15,0,0,1,0,reels,2026-03-16 11:00:33
0,1,0,0,0,4014,27,0,1,0,0,0,0,200,428605,0,1,0,2,2,0,0,0,0,0,15,0,0,4,0,reels,2026-03-16 11:00:36
0,1,0,0,0,7500,17,0,1,0,0,0,0,200,137,0,1,0,2,1,0,0,0,0,0,15,0,0,1,0,reels,2026-03-16 11:00:43
0,1,0,0,0,7508,17,0,1,0,0,0,0,200,137,0,1,0,1,1,0,0,0,0,0,15,0,0,1,0,reels,2026-03-16 11:00:53
0,1,0,0,0,12497,17,0,1,0,0,0,0,200,137,0,1,0,1,1,0,0,0,0,0,15,0,0,1,0,reels,2026-03-16 11:01:03
0,1,0,0,0,7508,17,0,1,0,0,0,0,200,137,0,1,0,2,1,0,0,0,0,0,15,0,0,1,0,reels,2026-03-16 11:01:13
0,1,0,0,0,12496,17,0,1,0,0,0,0,200,137,0,1,0,1,1,0,0,0,0,0,15,0,0,1,0,reels,2026-03-16 11:01:23
0,1,0,0,0,0,12,0,1,0,0,0,0,200,0,0,1,0,1,1,0,0,0,0,0,15,0,0,1,0,reels,2026-03-16 11:01:33
0,1,0,0,0,6481,17,0,1,0,0,0,0,200,137,0,1,0,2,1,0,0,0,0,0,15,0,0,1,0,reels,2026-03-16 11:01:33
0,1,0,0,0,13483,17,0,1,0,0,0,0,200,137,0,1,0,2,1,0,0,0,0,0,15,0,0,1,0,reels,2026-03-16 11:01:43
0,1,0,0,0,21749,17,0,1,0,0,0,0,200,137,0,1,0,1,1,0,0,0,0,0,15,0,0,1,0,reels,2026-03-16 11:01:53
0,1,0,0,0,4510,27,0,1,0,0,0,0,200,424681,0,1,0,2,2,0,0,0,0,0,15,0,0,4,0,reels,2026-03-16 11:01:56
0,1,0,0,0,14671,17,0,1,0,0,0,0,200,137,0,1,0,3,1,0,0,0,0,0,15,0,0,1,0,reels,2026-03-16 11:02:03
0,1,0,0,0,0,23,0,1,0,1,0,0,200,116,0,1,0,3,5,0,0,0,1,0,43,0,0,1,0,reels,2026-03-16 11:02:04
0,1,0,0,0,227,27,0,1,0,1,0,0,200,139,0,1,0,4,5,0,0,0,1,0,15,0,0,1,0,reels,2026-03-16 11:02:04
0,1,0,0,0,0,23,0,1,0,1,0,0,200,203,0,1,0,5,5,0,0,0,1,0,15,0,0,1,0,reels,2026-03-16 11:02:05
0,1,0,0,0,0,23,0,1,0,1,0,0,200,117,0,1,0,5,5,0,0,0,1,0,43,0,0,1,0,reels,2026-03-16 11:02:07
0,1,0,0,0,0,23,0,1,0,1,0,0,200,203,0,1,0,6,5,0,0,0,1,0,15,0,0,1,0,reels,2026-03-16 11:02:07
0,1,0,0,0,6515,17,0,1,0,0,0,0,200,137,0,1,0,7,1,0,0,0,0,0,15,0,0,1,0,reels,2026-03-16 11:02:08
0,1,0,0,0,7508,17,0,1,0,0,0,0,200,137,0,1,0,1,1,0,0,0,0,0,15,0,0,1,0,reels,2026-03-16 11:02:18
0,1,0,0,0,16736,17,0,1,0,0,0,0,200,137,0,1,0,1,1,0,0,0,0,0,15,0,0,1,0,reels,2026-03-16 11:02:28
0,1,0,0,0,13517,17,0,1,0,0,0,0,200,137,0,1,0,1,1,0,0,0,0,0,15,0,0,1,0,reels,2026-03-16 11:02:38
0,1,0,0,0,1493,17,0,1,0,0,0,0,200,137,0,1,0,1,1,0,0,0,0,0,15,0,0,1,0,reels,2026-03-16 11:02:48
0,1,0,0,0,13525,17,0,1,0,0,0,0,200,137,0,1,0,1,1,0,0,0,0,0,15,0,0,1,0,reels,2026-03-16 11:02:58
0,1,0,0,0,13526,17,0,1,0,0,0,0,200,137,0,1,0,1,1,0,0,0,0,0,15,0,0,1,0,reels,2026-03-16 11:03:08
0,1,0,0,0,13521,17,0,1,0,0,0,0,200,137,0,1,0,1,1,0,0,0,0,0,15,0,0,1,0,reels,2026-03-16 11:03:18
0,1,0,0,0,4666,27,0,1,0,0,0,0,200,226280,0,1,0,2,2,0,0,0,0,0,15,0,0,4,0,reels,2026-03-16 11:03:21
0,1,0,0,0,12474,17,0,1,0,0,0,0,200,137,0,1,0,2,1,0,0,0,0,0,15,0,0,1,0,reels,2026-03-16 11:03:28
0,1,0,0,0,18517,17,0,1,0,0,0,0,200,137,0,1,0,1,1,0,0,0,0,0,15,0,0,1,0,reels,2026-03-16 11:03:39
0,1,0,0,0,12489,17,0,1,0,0,0,0,200,137,0,1,0,1,1,0,0,0,0,0,15,0,0,1,0,reels,2026-03-16 11:03:49
0,1,0,0,0,4408,27,0,1,0,0,0,0,200,243744,0,1,0,2,2,0,0,0,0,0,15,0,0,4,0,reels,2026-03-16 11:03:49
0,1,0,0,0,12488,17,0,1,0,0,0,0,200,137,0,1,0,2,1,0,0,0,0,0,15,0,0,1,0,reels,2026-03-16 11:03:59
0,1,0,0,0,13509,17,0,1,0,0,0,0,200,137,0,1,0,1,1,0,0,0,0,0,15,0,0,1,0,reels,2026-03-16 11:04:09
0,1,0,0,0,1493,17,0,1,0,0,0,0,200,137,0,1,0,2,1,0,0,0,0,0,15,0,0,1,0,reels,2026-03-16 11:04:19
0,1,0,0,0,10710,17,0,1,0,0,0,0,200,137,0,1,0,1,1,0,0,0,0,0,15,0,0,1,0,reels,2026-03-16 11:04:29
0,1,0,0,0,7503,17,0,1,0,0,0,0,200,137,0,1,0,1,1,0,0,0,0,0,15,0,0,1,0,reels,2026-03-16 11:04:39
0,1,0,0,0,4502,27,0,1,0,0,0,0,200,242159,0,1,0,2,2,0,0,0,0,0,15,0,0,4,0,reels,2026-03-16 11:04:46
0,1,0,0,0,14543,17,0,1,0,0,0,0,200,137,0,1,0,2,1,0,0,0,0,0,15,0,0,1,0,reels,2026-03-16 11:04:49
0,1,0,0,0,6458,16,0,1,0,0,0,0,200,137,0,1,0,3,1,0,0,0,0,0,15,0,0,1,0,reels,2026-03-16 11:04:52
0,1,0,0,0,0,23,0,1,0,1,0,0,200,117,0,1,0,4,5,0,0,0,1,0,43,0,0,1,0,reels,2026-03-16 11:04:52
0,1,0,0,0,227,27,0,1,0,1,0,0,200,139,0,1,0,5,5,0,0,0,1,0,15,0,0,1,0,reels,2026-03-16 11:04:52
0,1,0,0,0,0,23,0,1,0,1,0,0,200,203,0,1,0,6,5,0,0,0,1,0,15,0,0,1,0,reels,2026-03-16 11:04:53
0,1,0,0,0,0,23,0,1,0,1,0,0,200,117,0,1,0,6,5,0,0,0,1,0,43,0,0,1,0,reels,2026-03-16 11:04:56
0,0,1,0,0,0,15,0,1,0,0,0,0,200,301412,0,0,1,1,2,0,0,0,0,0,15,0,0,4,0,reels,2026-03-16 11:05:25
0,0,1,0,0,0,13,0,1,0,0,0,0,403,512,0,0,1,2,6,0,0,0,0,0,632,0,0,1,0,reels,2026-03-16 11:05:34
0,0,1,0,0,0,13,0,1,0,0,0,0,403,504,0,0,1,3,6,0,0,0,0,0,632,0,0,1,0,reels,2026-03-16 11:05:34
0,0,1,0,0,0,13,0,1,0,0,0,0,301,1059,0,0,1,3,5,0,0,0,0,0,1091,0,0,2,0,reels,2026-03-16 11:05:36
0,0,1,0,0,0,13,0,1,0,0,0,0,301,967,0,0,1,1,5,0,0,0,0,0,969,0,0,1,0,tiktok,2026-03-16 11:05:50
0,0,1,0,0,0,13,0,1,0,0,0,0,403,504,0,0,1,1,6,0,0,0,0,0,633,0,0,1,0,tiktok,2026-03-16 11:06:00
0,0,1,0,0,0,13,0,1,0,0,0,0,403,512,0,0,1,1,6,0,0,0,0,0,632,0,0,1,0,tiktok,2026-03-16 11:06:36
0,0,1,0,0,0,13,0,1,0,0,0,0,403,512,0,0,1,1,6,0,0,0,0,0,632,0,0,1,0,tiktok,2026-03-16 11:06:51
0,0,1,0,0,0,14,1,1,0,0,1113536,0,403,508,0,0,1,2,6,0,0,0,0,0,632,0,0,1,0,tiktok,2026-03-16 11:07:00
0,0,1,0,0,0,13,0,1,0,0,0,0,403,510,0,0,1,1,6,0,0,0,0,0,632,0,0,1,0,tiktok,2026-03-16 11:10:25
0,0,1,0,0,0,13,0,1,0,0,0,0,403,502,0,0,1,1,6,0,0,0,0,0,632,0,0,1,0,tiktok,2026-03-16 11:10:49
0,0,1,0,0,0,16,0,1,0,0,0,0,200,397316,0,0,1,1,2,0,0,0,0,0,15,0,0,4,0,tiktok,2026-03-16 11:11:36
0,0,1,0,0,0,13,0,1,0,0,0,0,301,1056,0,0,1,2,5,0,0,0,0,0,1088,0,0,2,0,tiktok,2026-03-16 11:11:39
0,0,1,0,0,0,13,0,1,0,0,0,0,301,966,0,0,1,3,5,0,0,0,0,0,968,0,0,1,0,tiktok,2026-03-16 11:11:40
0,0,1,0,0,0,13,0,1,0,0,0,0,403,510,0,0,1,4,6,0,0,0,0,0,631,0,0,1,0,tiktok,2026-03-16 11:11:44
1,0,0,0,0,0,28,0,1,0,0,0,0,200,28435,0,0,1,1,2,0,0,0,0,1,107,0,0,3,0,tiktok,2026-03-16 11:13:18
0,0,1,0,0,0,13,0,1,0,0,0,0,200,8499,0,0,1,1,11,0,0,0,0,0,2101,0,0,2,0,tiktok,2026-03-16 11:14:03
0,0,1,0,0,0,14,1,1,0,0,3995536,0,403,509,0,0,1,2,6,0,0,0,0,0,631,0,0,1,0,tiktok,2026-03-16 11:14:11
0,0,1,0,0,75404,15,0,1,0,0,0,0,200,218,0,0,1,2,7,0,0,0,0,0,2163,0,0,1,0,tiktok,2026-03-16 11:14:15
0,0,1,0,0,0,14,0,1,0,0,0,0,200,397661,0,0,1,3,2,0,0,0,0,0,15,0,0,4,0,tiktok,2026-03-16 11:14:20
0,0,1,0,0,0,14,0,1,0,0,0,0,200,397681,0,0,1,4,2,0,0,0,0,0,15,0,0,4,0,tiktok,2026-03-16 11:14:20
0,0,1,0,0,0,13,0,1,0,0,0,0,301,1128,0,0,1,3,5,0,0,0,0,0,1162,0,0,2,0,tiktok,2026-03-16 11:14:27
0,0,1,0,0,0,13,0,1,0,0,0,0,403,502,0,0,1,4,6,0,0,0,0,0,632,0,0,1,0,tiktok,2026-03-16 11:14:27
0,0,1,0,0,0,13,0,1,0,0,0,0,403,502,0,0,1,5,6,0,0,0,0,0,631,0,0,1,0,tiktok,2026-03-16 11:14:27
0,0,1,0,0,0,13,0,1,0,0,0,0,301,1040,0,0,1,4,5,0,0,0,0,0,1044,0,0,2,0,tiktok,2026-03-16 11:14:33
0,0,1,0,0,0,14,1,1,0,0,818750,0,403,510,0,0,1,1,6,0,0,0,0,0,631,0,0,1,0,tiktok,2026-03-16 11:15:50
0,0,1,0,0,0,14,1,1,0,0,998875,0,403,502,0,0,1,2,6,0,0,0,0,0,632,0,0,1,0,tiktok,2026-03-16 11:16:00
0,0,1,0,0,0,14,1,1,0,0,900625,0,403,510,0,0,1,2,6,0,0,0,0,0,631,0,0,1,0,tiktok,2026-03-16 11:16:06
0,0,1,0,0,0,13,0,1,0,0,0,0,403,506,0,0,1,1,6,0,0,0,0,0,633,0,0,1,0,tiktok,2026-03-16 11:16:20
0,0,1,0,0,0,14,1,1,0,0,1129875,0,403,510,0,0,1,1,6,0,0,0,0,0,632,0,0,1,0,tiktok,2026-03-16 11:17:24
0,0,1,0,0,0,13,0,1,0,0,0,0,403,502,0,0,1,2,6,0,0,0,0,0,631,0,0,1,0,tiktok,2026-03-16 11:17:28
0,0,1,0,0,0,13,0,1,0,0,0,0,403,510,0,0,1,3,6,0,0,0,0,0,633,0,0,1,0,tiktok,2026-03-16 11:17:33
0,0,1,0,0,0,14,1,1,0,0,720500,0,403,510,0,0,1,1,6,0,0,0,0,0,631,0,0,1,0,tiktok,2026-03-16 11:18:55
0,0,1,0,0,0,14,1,1,0,0,867911,0,403,510,0,0,1,2,6,0,0,0,0,0,632,0,0,1,0,tiktok,2026-03-16 11:18:57
0,0,1,0,0,0,14,1,1,0,0,802411,0,403,502,0,0,1,1,6,0,0,0,0,0,632,0,0,1,0,tiktok,2026-03-16 11:20:41
0,0,1,0,0,0,14,1,1,0,0,1424625,0,403,506,0,0,1,1,6,0,0,0,0,0,631,0,0,1,0,tiktok,2026-03-16 11:22:58
0,0,1,0,0,0,13,0,1,0,0,0,0,403,502,0,0,1,2,6,0,0,0,0,0,633,0,0,1,0,tiktok,2026-03-16 11:23:05
0,0,1,0,0,0,13,0,1,0,0,0,0,403,509,0,0,1,1,6,0,0,0,0,0,631,0,0,1,0,tiktok,2026-03-16 11:23:35
0,0,1,0,0,0,13,0,1,0,0,0,0,403,510,0,0,1,1,6,0,0,0,0,0,631,0,0,1,0,tiktok,2026-03-16 11:24:08
0,0,1,0,0,0,13,0,1,0,0,0,0,403,509,0,0,1,1,6,0,0,0,0,0,632,0,0,1,0,tiktok,2026-03-16 11:25:27
0,0,1,0,0,0,13,0,1,0,0,0,0,403,502,0,0,1,1,6,0,0,0,0,0,632,0,0,1,0,tiktok,2026-03-16 11:25:47
0,0,1,0,0,0,13,0,1,0,0,0,0,403,502,0,0,1,2,6,0,0,0,0,0,632,0,0,1,0,tiktok,2026-03-16 11:25:55
0,0,1,0,0,0,13,0,1,0,0,0,0,403,510,0,0,1,1,6,0,0,0,0,0,632,0,0,1,0,tiktok,2026-03-16 11:26:10
0,0,1,0,0,0,13,0,1,0,0,0,0,403,509,0,0,1,1,6,0,0,0,0,0,631,0,0,1,0,tiktok,2026-03-16 11:27:49
0,0,1,0,0,0,17,1,1,0,0,0,1048575,416,0,0,0,1,1,6,0,0,0,0,0,601,0,0,1,0,tiktok,2026-03-16 11:29:08
0,0,1,0,0,0,13,0,1,0,0,0,0,403,510,0,0,1,1,6,0,0,0,0,0,631,0,0,1,0,tiktok,2026-03-16 11:29:33
0,0,1,0,0,0,13,0,1,0,0,0,0,403,502,0,0,1,1,6,0,0,0,0,0,632,0,0,1,0,tiktok,2026-03-16 11:29:50
0,0,1,0,0,0,13,0,1,0,0,0,0,403,510,0,0,1,1,6,0,0,0,0,0,633,0,0,1,0,tiktok,2026-03-16 11:30:13
0,0,1,0,0,0,13,0,1,0,0,0,0,403,505,0,0,1,2,6,0,0,0,0,0,632,0,0,1,0,tiktok,2026-03-16 11:30:16
0,0,1,0,0,0,13,0,1,0,0,0,0,403,502,0,0,1,1,6,0,0,0,0,0,631,0,0,1,0,tiktok,2026-03-16 11:30:33
0,0,1,0,0,0,13,0,1,0,0,0,0,403,502,0,0,1,2,6,0,0,0,0,0,618,0,0,1,0,tiktok,2026-03-16 11:30:37
0,0,1,0,0,0,13,0,1,0,0,0,0,403,506,0,0,1,1,6,0,0,0,0,0,633,0,0,1,0,tiktok,2026-03-16 11:30:58
0,0,1,0,0,0,13,0,1,0,0,0,0,403,502,0,0,1,2,6,0,0,0,0,0,632,0,0,1,0,tiktok,2026-03-16 11:31:04
0,0,1,0,0,0,13,0,1,0,0,0,0,403,506,0,0,1,1,6,0,0,0,0,0,632,0,0,1,0,tiktok,2026-03-16 11:31:21
0,0,1,0,0,0,13,0,1,0,0,0,0,403,502,0,0,1,2,6,0,0,0,0,0,632,0,0,1,0,tiktok,2026-03-16 11:31:27
0,0,1,0,0,0,13,0,1,0,0,0,0,403,510,0,0,1,1,6,0,0,0,0,0,632,0,0,1,0,tiktok,2026-03-16 11:31:40
0,0,1,0,0,0,13,0,1,0,0,0,0,403,510,0,0,1,1,6,0,0,0,0,0,632,0,0,1,0,tiktok,2026-03-16 11:31:54
0,0,1,0,0,0,13,0,1,0,0,0,0,403,506,0,0,1,1,6,0,0,0,0,0,631,0,0,1,0,tiktok,2026-03-16 11:32:25
0,0,1,0,0,0,13,0,1,0,0,0,0,403,502,0,0,1,2,6,0,0,0,0,0,632,0,0,1,0,tiktok,2026-03-16 11:32:29
0,0,1,0,0,0,13,0,1,0,0,0,0,403,510,0,0,1,2,6,0,0,0,0,0,632,0,0,1,0,tiktok,2026-03-16 11:32:35
0,0,1,0,0,0,13,0,1,0,0,0,0,403,506,0,0,1,1,6,0,0,0,0,0,631,0,0,1,0,tiktok,2026-03-16 11:33:13
0,0,1,0,0,0,13,0,1,0,0,0,0,403,510,0,0,1,1,6,0,0,0,0,0,633,0,0,1,0,tiktok,2026-03-16 11:33:37
0,0,1,0,0,0,13,0,1,0,0,0,0,403,510,0,0,1,1,6,0,0,0,0,0,632,0,0,1,0,tiktok,2026-03-16 11:33:48
0,0,1,0,0,0,13,0,1,0,0,0,0,403,510,0,0,1,2,6,0,0,0,0,0,633,0,0,1,0,tiktok,2026-03-16 11:33:54
0,0,1,0,0,0,13,0,1,0,0,0,0,403,510,0,0,1,1,6,0,0,0,0,0,619,0,0,1,0,tiktok,2026-03-16 11:34:52
0,0,1,0,0,0,13,0,1,0,0,0,0,403,510,0,0,1,2,6,0,0,0,0,0,632,0,0,1,0,tiktok,2026-03-16 11:35:00
0,0,1,0,0,0,13,0,1,0,0,0,0,403,502,0,0,1,2,6,0,0,0,0,0,632,0,0,1,0,tiktok,2026-03-16 11:35:04
0,0,1,0,0,0,13,0,1,0,0,0,0,403,510,0,0,1,3,6,0,0,0,0,0,632,0,0,1,0,tiktok,2026-03-16 11:35:07
0,0,1,0,0,0,13,0,1,0,0,0,0,403,510,0,0,1,1,6,0,0,0,0,0,632,0,0,1,0,normal,2026-03-16 11:35:40
0,0,1,0,0,0,13,0,1,0,0,0,0,403,502,0,0,1,2,6,0,0,0,0,0,631,0,0,1,0,normal,2026-03-16 11:35:43
0,0,1,0,0,0,13,0,1,0,0,0,0,403,510,0,0,1,1,6,0,0,0,0,0,632,0,0,1,0,normal,2026-03-16 11:36:05
0,0,1,0,0,0,13,0,1,0,0,0,0,403,501,0,0,1,1,6,0,0,0,0,0,633,0,0,1,0,normal,2026-03-16 11:36:21
0,0,1,0,0,0,13,0,1,0,0,0,0,403,509,0,0,1,2,6,0,0,0,0,0,633,0,0,1,0,normal,2026-03-16 11:36:27
0,0,1,0,0,0,13,0,1,0,0,0,0,403,512,0,0,1,1,6,0,0,0,0,0,619,0,0,1,0,normal,2026-03-16 11:39:20
0,0,1,0,0,0,13,0,1,0,0,0,0,403,512,0,0,1,1,6,0,0,0,0,0,631,0,0,1,0,normal,2026-03-16 11:39:39
0,0,1,0,0,0,13,0,1,0,0,0,0,403,504,0,0,1,1,6,0,0,0,0,0,630,0,0,1,0,normal,2026-03-16 11:39:53
0,0,1,0,0,0,13,0,1,0,0,0,0,403,501,0,0,1,1,6,0,0,0,0,0,632,0,0,1,0,tiktok,2026-03-16 11:43:58
0,0,1,0,0,0,13,0,1,0,0,0,0,403,510,0,0,1,1,6,0,0,0,0,0,632,0,0,1,0,tiktok,2026-03-16 11:45:40
0,0,1,0,0,0,13,0,1,0,0,0,0,403,506,0,0,1,1,6,0,0,0,0,0,630,0,0,1,0,tiktok,2026-03-16 11:47:02
0,0,1,0,0,0,13,0,1,0,0,0,0,403,510,0,0,1,1,6,0,0,0,0,0,631,0,0,1,0,tiktok,2026-03-16 11:47:19
0,0,1,0,0,0,13,0,1,0,0,0,0,403,502,0,0,1,1,6,0,0,0,0,0,632,0,0,1,0,tiktok,2026-03-16 11:48:02
0,0,1,0,0,0,15,0,1,0,0,0,0,200,388433,0,0,1,1,2,0,0,0,0,0,15,0,0,4,0,tiktok,2026-03-16 11:55:29
0,0,1,0,0,0,13,0,1,0,0,0,0,403,510,0,0,1,1,6,0,0,0,0,0,630,0,0,1,0,tiktok,2026-03-16 11:55:40
0,0,1,0,0,0,13,0,1,0,0,0,0,403,498,0,0,1,2,6,0,0,0,0,0,630,0,0,1,0,tiktok,2026-03-16 11:55:40
0,0,1,0,0,0,13,0,1,0,0,0,0,301,1125,0,0,1,3,5,0,0,0,0,0,1161,0,0,2,0,tiktok,2026-03-16 11:55:43
0,0,1,0,0,0,13,0,1,0,0,0,0,301,1033,0,0,1,1,5,0,0,0,0,0,1039,0,0,2,0,tiktok,2026-03-16 11:55:57
0,0,1,0,0,0,14,1,1,0,0,1129875,0,403,502,0,0,1,1,6,0,0,0,0,0,631,0,0,1,0,normal,2026-03-16 11:56:32
0,0,1,0,0,0,13,0,1,0,0,0,0,403,502,0,0,1,1,6,0,0,0,0,0,630,0,0,1,0,tiktok,2026-03-16 11:57:25
0,0,1,0,0,0,15,0,1,0,0,0,0,200,400879,0,0,1,1,2,0,0,0,0,0,15,0,0,4,0,tiktok,2026-03-16 11:57:41
0,0,1,0,0,0,13,0,1,0,0,0,0,301,1123,0,0,1,2,5,0,0,0,0,0,1159,0,0,2,0,tiktok,2026-03-16 11:57:46
0,0,1,0,0,0,13,0,1,0,0,0,0,301,1033,0,0,1,3,5,0,0,0,0,0,1039,0,0,2,0,tiktok,2026-03-16 11:57:47
0,0,1,0,0,0,13,0,1,0,0,0,0,403,506,0,0,1,4,6,0,0,0,0,0,630,0,0,1,0,tiktok,2026-03-16 11:57:50
0,0,1,0,0,0,13,0,1,0,0,0,0,403,502,0,0,1,1,6,0,0,0,0,0,631,0,0,1,0,tiktok,2026-03-16 11:58:19
0,0,1,0,0,0,13,0,1,0,0,0,0,403,506,0,0,1,1,6,0,0,0,0,0,632,0,0,1,0,tiktok,2026-03-16 12:00:03
0,0,1,0,0,0,16,0,1,0,0,0,0,200,389271,0,0,1,1,2,0,0,0,0,0,15,0,0,4,0,tiktok,2026-03-16 12:00:25
0,0,1,0,0,0,13,0,1,0,0,0,0,301,1123,0,0,1,2,5,0,0,0,0,0,1159,0,0,2,0,tiktok,2026-03-16 12:00:28
0,0,1,0,0,0,13,0,1,0,0,0,0,301,1033,0,0,1,3,5,0,0,0,0,0,1039,0,0,2,0,tiktok,2026-03-16 12:00:29
0,0,1,0,0,0,13,0,1,0,0,0,0,403,510,0,0,1,4,6,0,0,0,0,0,630,0,0,1,0,tiktok,2026-03-16 12:00:32
0,0,1,0,0,0,13,0,1,0,0,0,0,403,510,0,0,1,1,6,0,0,0,0,0,631,0,0,1,0,tiktok,2026-03-16 12:01:01
0,0,1,0,0,0,13,0,1,0,0,0,0,403,510,0,0,1,1,6,0,0,0,0,0,631,0,0,1,0,tiktok,2026-03-16 12:01:48
0,0,1,0,0,0,13,0,1,0,0,0,0,403,502,0,0,1,1,6,0,0,0,0,0,630,0,0,1,0,tiktok,2026-03-16 12:03:13
0,0,1,0,0,0,13,0,1,0,0,0,0,403,502,0,0,1,1,6,0,0,0,0,0,631,0,0,1,0,tiktok,2026-03-16 12:04:08
0,0,1,0,0,0,13,0,1,0,0,0,0,403,502,0,0,1,1,6,0,0,0,0,0,631,0,0,1,0,tiktok,2026-03-16 12:04:53
0,0,1,0,0,0,13,0,1,0,0,0,0,403,502,0,0,1,1,6,0,0,0,0,0,631,0,0,1,0,tiktok,2026-03-16 12:05:37
0,0,1,0,0,0,14,1,1,0,0,1326375,0,403,510,0,0,1,1,6,0,0,0,0,0,631,0,0,1,0,tiktok,2026-03-16 12:06:20
0,0,1,0,0,0,13,0,1,0,0,0,0,403,502,0,0,1,2,6,0,0,0,0,0,632,0,0,1,0,tiktok,2026-03-16 12:06:23
0,0,1,0,0,0,13,0,1,0,0,0,0,403,501,0,0,1,3,6,0,0,0,0,0,631,0,0,1,0,tiktok,2026-03-16 12:06:28
0,0,1,0,0,0,13,0,1,0,0,0,0,403,506,0,0,1,1,6,0,0,0,0,0,631,0,0,1,0,tiktok,2026-03-16 12:07:10
0,0,1,0,0,0,13,0,1,0,0,0,0,403,502,0,0,1,1,6,0,0,0,0,0,630,0,0,1,0,tiktok,2026-03-16 12:07:53
0,0,1,0,0,0,13,0,1,0,0,0,0,403,502,0,0,1,1,6,0,0,0,0,0,631,0,0,1,0,tiktok,2026-03-16 12:08:30
0,0,1,0,0,0,13,0,1,0,0,0,0,403,502,0,0,1,2,6,0,0,0,0,0,630,0,0,1,0,tiktok,2026-03-16 12:08:36
0,0,1,0,0,0,13,0,1,0,0,0,0,403,509,0,0,1,1,6,0,0,0,0,0,631,0,0,1,0,tiktok,2026-03-16 12:09:35
0,0,1,0,0,0,13,0,1,0,0,0,0,403,510,0,0,1,1,6,0,0,0,0,0,631,0,0,1,0,tiktok,2026-03-16 12:12:12
0,0,1,0,0,0,13,0,1,0,0,0,0,403,502,0,0,1,1,6,0,0,0,0,0,631,0,0,1,0,tiktok,2026-03-16 12:12:54
0,0,1,0,0,0,13,0,1,0,0,0,0,403,502,0,0,1,1,6,0,0,0,0,0,631,0,0,1,0,tiktok,2026-03-16 12:15:08
0,0,1,0,0,0,13,0,1,0,0,0,0,403,502,0,0,1,2,6,0,0,0,0,0,631,0,0,1,0,tiktok,2026-03-16 12:15:10
0,0,1,0,0,0,13,0,1,0,0,0,0,403,510,0,0,1,1,6,0,0,0,0,0,632,0,0,1,0,tiktok,2026-03-16 12:16:13
0,0,1,0,0,0,13,0,1,0,0,0,0,403,510,0,0,1,1,6,0,0,0,0,0,631,0,0,1,0,tiktok,2026-03-16 12:16:26
0,0,1,0,0,0,13,0,1,0,0,0,0,403,502,0,0,1,1,6,0,0,0,0,0,630,0,0,1,0,tiktok,2026-03-16 12:16:54
0,0,1,0,0,0,13,0,1,0,0,0,0,403,506,0,0,1,1,6,0,0,0,0,0,631,0,0,1,0,tiktok,2026-03-16 12:17:44
0,0,1,0,0,0,13,0,1,0,0,0,0,403,502,0,0,1,1,6,0,0,0,0,0,630,0,0,1,0,tiktok,2026-03-16 12:18:05
0,0,1,0,0,0,13,0,1,0,0,0,0,403,510,0,0,1,1,6,0,0,0,0,0,630,0,0,1,0,tiktok,2026-03-16 12:18:48
1,0,0,0,0,2724,35,0,1,0,0,0,0,204,0,0,0,1,1,3,0,0,0,1,0,1497,0,0,1,0,normal,2026-03-17 09:24:19
1,0,0,0,0,226,35,0,1,0,0,0,0,204,0,0,0,1,2,3,0,0,0,1,0,1340,0,0,1,0,normal,2026-03-17 09:24:25
1,0,0,0,0,0,43,0,1,0,0,0,0,204,0,0,0,1,3,3,0,0,1,1,0,1177,0,0,1,0,normal,2026-03-17 09:24:28
1,0,0,0,0,226,35,0,1,0,0,0,0,204,0,0,0,1,4,3,0,0,0,1,0,1452,0,0,1,0,normal,2026-03-17 09:24:29
1,0,0,0,0,1831,35,0,1,0,0,0,0,204,0,0,0,1,1,3,0,0,0,1,0,1144,0,0,1,0,normal,2026-03-17 09:24:39
1,0,0,0,0,0,43,0,1,0,0,0,0,204,0,0,0,1,2,3,0,0,1,1,0,1335,0,0,1,0,normal,2026-03-17 09:24:40
1,0,0,0,0,356,35,0,1,0,0,0,0,204,0,0,0,1,3,3,0,0,0,1,0,1505,0,0,1,0,normal,2026-03-17 09:24:42
1,0,0,0,0,0,41,0,1,0,0,0,0,204,0,0,0,1,4,3,0,0,0,1,0,789,0,0,1,0,normal,2026-03-17 09:24:42
1,0,0,0,0,0,32,0,1,0,0,0,0,204,0,0,0,1,5,1,0,0,0,0,0,226,0,0,1,0,normal,2026-03-17 09:24:42
1,0,0,0,0,0,43,0,1,0,0,0,0,204,0,0,0,1,6,3,0,0,0,1,0,1667,0,0,1,0,normal,2026-03-17 09:24:42
1,0,0,0,0,2390,46,0,1,0,0,0,0,204,0,0,0,1,7,3,0,0,0,1,0,1514,0,0,1,0,normal,2026-03-17 09:24:43
1,0,0,0,0,0,43,0,1,0,0,0,0,204,0,0,0,1,8,3,0,0,1,1,0,1165,0,0,1,0,normal,2026-03-17 09:24:45
1,0,0,0,0,0,43,0,1,0,0,0,0,204,0,0,0,1,9,3,0,0,1,1,0,1179,0,0,1,0,normal,2026-03-17 09:24:48
1,0,0,0,0,226,35,0,1,0,0,0,0,204,0,0,0,1,10,3,0,0,0,1,0,1380,0,0,1,0,normal,2026-03-17 09:24:48
1,0,0,0,0,0,43,0,1,0,0,0,0,204,0,0,0,1,11,3,0,0,1,1,0,1153,0,0,1,0,normal,2026-03-17 09:24:48
1,0,0,0,0,0,43,0,1,0,0,0,0,204,0,0,0,1,12,3,0,0,1,1,0,1085,0,0,1,0,normal,2026-03-17 09:24:48
1,0,0,0,0,426,35,0,1,0,0,0,0,204,0,0,0,1,12,3,0,0,0,1,0,1431,0,0,1,0,normal,2026-03-17 09:24:49
1,0,0,0,0,226,35,0,1,0,0,0,0,204,0,0,0,1,2,3,0,0,0,1,0,1459,0,0,1,0,normal,2026-03-17 09:24:59
1,0,0,0,0,587,35,0,1,0,0,0,0,204,0,0,0,1,1,3,0,0,0,1,0,1329,0,0,1,0,normal,2026-03-17 09:25:19
1,0,0,0,0,587,35,0,1,0,0,0,0,204,0,0,0,1,1,3,0,0,0,1,0,1294,0,0,1,0,normal,2026-03-17 09:25:29
1,0,0,0,0,0,43,0,1,0,0,0,0,204,0,0,0,1,2,3,0,0,1,1,0,1119,0,0,1,0,normal,2026-03-17 09:25:29
1,0,0,0,0,226,35,0,1,0,0,0,0,204,0,0,0,1,3,3,0,0,0,1,0,1459,0,0,1,0,normal,2026-03-17 09:25:29
1,0,0,0,0,587,35,0,1,0,0,0,0,204,0,0,0,1,4,3,0,0,0,1,0,1329,0,0,1,0,normal,2026-03-17 09:25:29
1,0,0,0,0,226,35,0,1,0,0,0,0,204,0,0,0,1,5,3,0,0,0,1,0,1376,0,0,1,0,normal,2026-03-17 09:25:39
1,0,0,0,0,2307,35,0,1,0,0,0,0,204,0,0,0,1,1,3,0,0,0,1,0,1166,0,0,1,0,normal,2026-03-17 09:25:49
1,0,0,0,0,404,35,0,1,0,0,0,0,204,0,0,0,1,2,3,0,0,0,1,0,1521,0,0,1,0,normal,2026-03-17 09:25:59
1,0,0,0,0,0,43,0,1,0,0,0,0,204,0,0,0,1,2,3,0,0,0,1,0,1524,0,0,1,0,normal,2026-03-17 09:26:06
1,0,0,0,0,0,43,0,1,0,0,0,0,204,0,0,0,1,2,3,0,0,1,1,0,1549,0,0,1,0,normal,2026-03-17 09:26:09
1,0,0,0,0,226,35,0,1,0,0,0,0,204,0,0,0,1,3,3,0,0,0,1,0,1264,0,0,1,0,normal,2026-03-17 09:26:09
1,0,0,0,0,0,43,0,1,0,0,0,0,204,0,0,0,1,4,3,0,0,1,1,0,1103,0,0,1,0,normal,2026-03-17 09:26:09
1,0,0,0,0,226,35,0,1,0,0,0,0,204,0,0,0,1,5,3,0,0,0,1,0,1525,0,0,1,0,normal,2026-03-17 09:26:11
1,0,0,0,0,0,32,0,1,0,0,0,0,204,0,0,0,1,6,1,0,0,0,0,0,244,0,0,1,0,normal,2026-03-17 09:26:11
1,0,0,0,0,0,43,0,1,0,0,0,0,204,0,0,0,1,7,3,0,0,0,1,0,1534,0,0,1,0,normal,2026-03-17 09:26:11
1,0,0,0,0,3356,46,0,1,0,0,0,0,204,0,0,0,1,8,3,0,0,0,1,0,1374,0,0,1,0,normal,2026-03-17 09:26:12
1,0,0,0,0,0,43,0,1,0,0,0,0,204,0,0,0,1,8,3,0,0,1,1,0,1100,0,0,1,0,normal,2026-03-17 09:26:17
1,0,0,0,0,226,35,0,1,0,0,0,0,204,0,0,0,1,6,3,0,0,0,1,0,1348,0,0,1,0,normal,2026-03-17 09:26:19
1,0,0,0,0,0,43,0,1,0,0,0,0,204,0,0,0,1,2,3,0,0,1,1,0,1107,0,0,1,0,normal,2026-03-17 09:26:27
1,0,0,0,0,889,35,0,1,0,0,0,0,204,0,0,0,1,2,3,0,0,0,1,0,1338,0,0,1,0,normal,2026-03-17 09:26:30
1,0,0,0,0,0,43,0,1,0,0,0,0,204,0,0,0,1,3,3,0,0,1,1,0,1110,0,0,1,0,normal,2026-03-17 09:26:37
1,0,0,0,0,226,35,0,1,0,0,0,0,204,0,0,0,1,3,3,0,0,0,1,0,1348,0,0,1,0,normal,2026-03-17 09:26:40
1,0,0,0,0,0,43,0,1,0,0,0,0,204,0,0,0,1,4,3,0,0,1,1,0,1107,0,0,1,0,normal,2026-03-17 09:26:40
1,0,0,0,0,889,35,0,1,0,0,0,0,204,0,0,0,1,5,3,0,0,0,1,0,1338,0,0,1,0,normal,2026-03-17 09:26:40
1,0,0,0,0,561,35,0,1,0,0,0,0,204,0,0,0,1,6,3,0,0,0,1,0,1346,0,0,1,0,normal,2026-03-17 09:26:40
1,0,0,0,0,0,43,0,1,0,0,0,0,204,0,0,0,1,7,3,0,0,1,1,0,1110,0,0,1,0,normal,2026-03-17 09:26:40
1,0,0,0,0,559,35,0,1,0,0,0,0,204,0,0,0,1,6,3,0,0,0,1,0,1394,0,0,1,0,normal,2026-03-17 09:26:49
1,0,0,0,0,0,43,0,1,0,0,0,0,204,0,0,0,1,2,3,0,0,1,1,0,1108,0,0,1,0,normal,2026-03-17 09:26:57
1,0,0,0,0,226,35,0,1,0,0,0,0,204,0,0,0,1,1,3,0,0,0,1,0,1263,0,0,1,0,normal,2026-03-17 09:27:14
1,0,0,0,0,0,43,0,1,0,0,0,0,204,0,0,0,1,2,3,0,0,1,1,0,1093,0,0,1,0,normal,2026-03-17 09:27:14
1,0,0,0,0,0,43,0,1,0,0,0,0,204,0,0,0,1,1,3,0,0,1,1,0,1093,0,0,1,0,normal,2026-03-17 09:27:24
1,0,0,0,0,226,35,0,1,0,0,0,0,204,0,0,0,1,2,3,0,0,0,1,0,1263,0,0,1,0,normal,2026-03-17 09:27:24
1,0,0,0,0,226,35,0,1,0,0,0,0,204,0,0,0,1,1,3,0,0,0,1,0,1340,0,0,1,0,normal,2026-03-17 09:27:39
1,0,0,0,0,0,43,0,1,0,0,0,0,204,0,0,0,1,1,3,0,0,1,1,0,1093,0,0,1,0,normal,2026-03-17 09:27:50
1,0,0,0,0,226,35,0,1,0,0,0,0,204,0,0,0,1,2,3,0,0,0,1,0,1263,0,0,1,0,normal,2026-03-17 09:27:50
1,0,0,0,0,226,35,0,1,0,0,0,0,204,0,0,0,1,3,3,0,0,0,1,0,1340,0,0,1,0,normal,2026-03-17 09:27:50
1,0,0,0,0,0,43,0,1,0,0,0,0,204,0,0,0,1,4,3,0,0,1,1,0,1108,0,0,1,0,normal,2026-03-17 09:27:52
1,0,0,0,0,226,35,0,1,0,0,0,0,204,0,0,0,1,5,3,0,0,0,1,0,1257,0,0,1,0,normal,2026-03-17 09:27:52
1,0,0,0,0,0,43,0,1,0,0,0,0,204,0,0,0,1,6,3,0,0,1,1,0,1111,0,0,1,0,normal,2026-03-17 09:27:52
1,0,0,0,0,226,35,0,1,0,0,0,0,204,0,0,0,1,7,3,0,0,0,1,0,1506,0,0,1,0,normal,2026-03-17 09:27:54
1,0,0,0,0,0,43,0,1,0,0,0,0,204,0,0,0,1,8,3,0,0,0,1,0,1566,0,0,1,0,normal,2026-03-17 09:27:56
1,0,0,0,0,0,32,0,1,0,0,0,0,204,0,0,0,1,9,1,0,0,0,0,0,243,0,0,1,0,normal,2026-03-17 09:27:56
1,0,0,0,0,3522,46,0,1,0,0,0,0,204,0,0,0,1,10,3,0,0,0,1,0,1405,0,0,1,0,normal,2026-03-17 09:27:57
1,0,0,0,0,226,35,0,1,0,0,0,0,204,0,0,0,1,6,3,0,0,0,1,0,1504,0,0,1,0,normal,2026-03-17 09:28:02
1,0,0,0,0,0,43,0,1,0,0,0,0,204,0,0,0,1,6,3,0,0,1,1,0,1164,0,0,1,0,normal,2026-03-17 09:28:03
1,0,0,0,0,226,35,0,1,0,0,0,0,204,0,0,0,1,2,3,0,0,0,1,0,1430,0,0,1,0,normal,2026-03-17 09:28:12
1,0,0,0,0,0,43,0,1,0,0,0,0,204,0,0,0,1,3,3,0,0,1,1,0,1127,0,0,1,0,normal,2026-03-17 09:28:13
1,0,0,0,0,0,43,0,1,0,0,0,0,204,0,0,0,1,2,3,0,0,1,1,0,1128,0,0,1,0,normal,2026-03-17 09:28:23
1,0,0,0,0,0,43,0,1,0,0,0,0,204,0,0,0,1,1,3,0,0,1,1,0,1184,0,0,1,0,normal,2026-03-17 09:28:33
1,0,0,0,0,226,35,0,1,0,0,0,0,204,0,0,0,1,2,3,0,0,0,1,0,1561,0,0,1,0,normal,2026-03-17 09:28:34
1,0,0,0,0,0,41,0,1,0,0,0,0,204,0,0,0,1,3,3,0,0,0,1,0,784,0,0,1,0,normal,2026-03-17 09:28:34
1,0,0,0,0,0,32,0,1,0,0,0,0,204,0,0,0,1,4,1,0,0,0,0,0,226,0,0,1,0,normal,2026-03-17 09:28:34
1,0,0,0,0,0,43,0,1,0,0,0,0,204,0,0,0,1,5,3,0,0,0,1,0,1631,0,0,1,0,normal,2026-03-17 09:28:34
1,0,0,0,0,3520,46,0,1,0,0,0,0,204,0,0,0,1,6,3,0,0,0,1,0,1479,0,0,1,0,normal,2026-03-17 09:28:35
1,0,0,0,0,0,43,0,1,0,0,0,0,204,0,0,0,1,7,3,0,0,1,1,0,1128,0,0,1,0,normal,2026-03-17 09:28:39
1,0,0,0,0,226,35,0,1,0,0,0,0,204,0,0,0,1,8,3,0,0,0,1,0,1388,0,0,1,0,normal,2026-03-17 09:28:39
1,0,0,0,0,226,35,0,1,0,0,0,0,204,0,0,0,1,9,3,0,0,0,1,0,1275,0,0,1,0,normal,2026-03-17 09:28:40
1,0,0,0,0,0,43,0,1,0,0,0,0,204,0,0,0,1,10,3,0,0,1,1,0,1116,0,0,1,0,normal,2026-03-17 09:28:40
1,0,0,0,0,0,43,0,1,0,0,0,0,204,0,0,0,1,11,3,0,0,1,1,0,1119,0,0,1,0,normal,2026-03-17 09:28:40
1,0,0,0,0,507,35,0,1,0,0,0,0,204,0,0,0,1,12,3,0,0,0,1,0,1478,0,0,1,0,normal,2026-03-17 09:28:42
1,0,0,0,0,226,35,0,1,0,0,0,0,204,0,0,0,1,8,3,0,0,0,1,0,1568,0,0,1,0,normal,2026-03-17 09:28:45
1,0,0,0,0,0,41,0,1,0,0,0,0,204,0,0,0,1,9,3,0,0,0,1,0,785,0,0,1,0,normal,2026-03-17 09:28:45
1,0,0,0,0,0,43,0,1,0,0,0,0,204,0,0,0,1,10,3,0,0,0,1,0,1643,0,0,1,0,normal,2026-03-17 09:28:45
1,0,0,0,0,0,32,0,1,0,0,0,0,204,0,0,0,1,11,1,0,0,0,0,0,226,0,0,1,0,normal,2026-03-17 09:28:45
1,0,0,0,0,3519,46,0,1,0,0,0,0,204,0,0,0,1,11,3,0,0,0,1,0,1483,0,0,1,0,normal,2026-03-17 09:28:46
1,0,0,0,0,226,35,0,1,0,0,0,0,204,0,0,0,1,10,3,0,0,0,1,0,1391,0,0,1,0,normal,2026-03-17 09:28:49
1,0,0,0,0,0,43,0,1,0,0,0,0,204,0,0,0,1,8,3,0,0,1,1,0,1137,0,0,1,0,normal,2026-03-17 09:28:50
1,0,0,0,0,0,43,0,1,0,0,0,0,204,0,0,0,1,8,3,0,0,1,1,0,1141,0,0,1,0,normal,2026-03-17 09:28:52
1,0,0,0,0,226,35,0,1,0,0,0,0,204,0,0,0,1,9,3,0,0,0,1,0,1293,0,0,1,0,normal,2026-03-17 09:28:52
1,0,0,0,0,0,43,0,1,0,0,0,0,204,0,0,0,1,10,3,0,0,1,1,0,1125,0,0,1,0,normal,2026-03-17 09:28:52
1,0,0,0,0,0,43,0,1,0,0,0,0,204,0,0,0,1,11,3,0,0,1,1,0,1097,0,0,1,0,normal,2026-03-17 09:28:52
1,0,0,0,0,226,35,0,1,0,0,0,0,204,0,0,0,1,5,3,0,0,0,1,0,1428,0,0,1,0,normal,2026-03-17 09:29:02
1,0,0,0,0,0,43,0,1,0,0,0,0,204,0,0,0,1,1,3,0,0,1,1,0,1141,0,0,1,0,normal,2026-03-17 09:29:12
1,0,0,0,0,0,43,0,1,0,0,0,0,204,0,0,0,1,2,3,0,0,1,1,0,1125,0,0,1,0,normal,2026-03-17 09:29:12
1,0,0,0,0,226,35,0,1,0,0,0,0,204,0,0,0,1,3,3,0,0,0,1,0,1293,0,0,1,0,normal,2026-03-17 09:29:12
1,0,0,0,0,226,35,0,1,0,0,0,0,204,0,0,0,1,4,3,0,0,0,1,0,1391,0,0,1,0,normal,2026-03-17 09:29:12
1,0,0,0,0,226,35,0,1,0,0,0,0,204,0,0,0,1,5,3,0,0,0,1,0,1428,0,0,1,0,normal,2026-03-17 09:29:12
1,0,0,0,0,0,43,0,1,0,0,0,0,204,0,0,0,1,6,3,0,0,1,1,0,1137,0,0,1,0,normal,2026-03-17 09:29:12
1,0,0,0,0,0,43,0,1,0,0,0,0,204,0,0,0,1,7,3,0,0,1,1,0,1097,0,0,1,0,normal,2026-03-17 09:29:12
1,0,0,0,0,226,35,0,1,0,0,0,0,204,0,0,0,1,1,3,0,0,0,1,0,1342,0,0,1,0,normal,2026-03-17 09:29:32
1,0,0,0,0,0,43,0,1,0,0,0,0,204,0,0,0,1,2,3,0,0,1,1,0,1167,0,0,1,0,normal,2026-03-17 09:29:33
0,0,0,1,0,0,28,0,1,0,0,0,0,200,0,0,0,1,1,1,0,0,0,0,0,1241,0,0,1,0,normal,2026-03-17 09:30:11
1,0,0,0,0,567,35,0,1,0,0,0,0,204,0,0,0,1,2,3,0,0,0,1,0,1345,0,0,1,0,normal,2026-03-17 09:30:12
1,0,0,0,0,0,43,0,1,0,0,0,0,204,0,0,0,1,3,3,0,0,1,1,0,1145,0,0,1,0,normal,2026-03-17 09:30:13
0,0,0,1,0,0,28,0,1,0,0,0,0,200,0,0,0,1,4,1,0,0,0,0,0,1241,0,0,1,0,normal,2026-03-17 09:30:19
0,0,0,1,0,0,28,0,1,0,0,0,0,200,0,0,0,1,4,1,0,0,0,0,0,1241,0,0,1,0,normal,2026-03-17 09:30:21
1,0,0,0,0,226,35,0,1,0,0,0,0,204,0,0,0,1,1,3,0,0,0,1,0,1264,0,0,1,0,normal,2026-03-17 09:30:42
1,0,0,0,0,0,43,0,1,0,0,0,0,204,0,0,0,1,1,3,0,0,1,1,0,1146,0,0,1,0,normal,2026-03-17 09:30:53
0,0,0,1,0,0,28,0,1,0,0,0,0,200,0,0,0,1,2,1,0,0,0,0,0,1241,0,0,1,0,normal,2026-03-17 09:31:00
1,0,0,0,0,567,35,0,1,0,0,0,0,204,0,0,0,1,3,3,0,0,0,1,0,1346,0,0,1,0,normal,2026-03-17 09:31:02
1,0,0,0,0,0,43,0,1,0,0,0,0,204,0,0,0,1,1,3,0,0,1,1,0,1145,0,0,1,0,normal,2026-03-17 09:31:33
1,0,0,0,0,226,35,0,1,0,0,0,0,204,0,0,0,1,2,3,0,0,0,1,0,1265,0,0,1,0,normal,2026-03-17 09:31:42
1,0,0,0,0,755,35,0,1,0,0,0,0,204,0,0,0,1,2,3,0,0,0,1,0,1413,0,0,1,0,normal,2026-03-17 09:31:52
1,0,0,0,0,226,35,0,1,0,0,0,0,204,0,0,0,1,1,3,0,0,0,1,0,1376,0,0,1,0,normal,2026-03-17 09:32:03
1,0,0,0,0,0,43,0,1,0,0,0,0,204,0,0,0,1,2,3,0,0,1,1,0,1277,0,0,1,0,normal,2026-03-17 09:32:13
1,0,0,0,0,226,35,0,1,0,0,0,0,204,0,0,0,1,1,3,0,0,0,1,0,1230,0,0,1,0,normal,2026-03-17 09:32:42
1,0,0,0,0,0,43,0,1,0,0,0,0,204,0,0,0,1,1,3,0,0,1,1,0,1146,0,0,1,0,normal,2026-03-17 09:32:53
1,0,0,0,0,226,35,0,1,0,0,0,0,204,0,0,0,1,2,3,0,0,0,1,0,1360,0,0,1,0,normal,2026-03-17 09:33:02
1,0,0,0,0,567,35,0,1,0,0,0,0,204,0,0,0,1,2,3,0,0,0,1,0,1305,0,0,1,0,normal,2026-03-17 09:33:12
1,0,0,0,0,226,35,0,1,0,0,0,0,204,0,0,0,1,2,3,0,0,0,1,0,1360,0,0,1,0,normal,2026-03-17 09:33:18
1,0,0,0,0,0,43,0,1,0,0,0,0,204,0,0,0,1,3,3,0,0,1,1,0,1146,0,0,1,0,normal,2026-03-17 09:33:18
1,0,0,0,0,567,35,0,1,0,0,0,0,204,0,0,0,1,4,3,0,0,0,1,0,1305,0,0,1,0,normal,2026-03-17 09:33:19
1,0,0,0,0,0,43,0,1,0,0,0,0,204,0,0,0,1,1,3,0,0,1,1,0,1173,0,0,1,0,normal,2026-03-17 09:33:33
1,0,0,0,0,226,35,0,1,0,0,0,0,204,0,0,0,1,2,3,0,0,0,1,0,1264,0,0,1,0,normal,2026-03-17 09:33:42
0,0,0,1,0,0,28,0,1,0,0,0,0,200,0,0,0,1,2,1,0,0,0,0,0,1241,0,0,1,0,normal,2026-03-17 09:33:50
1,0,0,0,0,0,43,0,1,0,0,0,0,204,0,0,0,1,1,3,0,0,1,1,0,1146,0,0,1,0,normal,2026-03-17 09:34:13
1,0,0,0,0,226,35,0,1,0,0,0,0,204,0,0,0,1,2,3,0,0,0,1,0,1265,0,0,1,0,normal,2026-03-17 09:34:22
1,0,0,0,0,0,43,0,1,0,0,0,0,204,0,0,0,1,1,3,0,0,1,1,0,1143,0,0,1,0,normal,2026-03-17 09:34:53
1,0,0,0,0,226,35,0,1,0,0,0,0,204,0,0,0,1,2,3,0,0,0,1,0,1266,0,0,1,0,normal,2026-03-17 09:35:02
1,0,0,0,0,226,35,0,1,0,0,0,0,204,0,0,0,1,2,3,0,0,0,1,0,1266,0,0,1,0,normal,2026-03-17 09:35:03
1,0,0,0,0,226,35,0,1,0,0,0,0,204,0,0,0,1,3,3,0,0,0,1,0,1265,0,0,1,0,normal,2026-03-17 09:35:03
1,0,0,0,0,0,43,0,1,0,0,0,0,204,0,0,0,1,4,3,0,0,1,1,0,1143,0,0,1,0,normal,2026-03-17 09:35:03
1,0,0,0,0,569,35,0,1,0,0,0,0,204,0,0,0,1,5,3,0,0,0,1,0,1327,0,0,1,0,normal,2026-03-17 09:35:12
0,0,0,1,0,0,28,0,1,0,0,0,0,200,0,0,0,1,5,1,0,0,0,0,0,1241,0,0,1,0,normal,2026-03-17 09:35:12
1,0,0,0,0,0,43,0,1,0,0,0,0,204,0,0,0,1,1,3,0,0,1,1,0,1145,0,0,1,0,normal,2026-03-17 09:35:33
1,0,0,0,0,226,35,0,1,0,0,0,0,204,0,0,0,1,2,3,0,0,0,1,0,1267,0,0,1,0,normal,2026-03-17 09:35:42
1,0,0,0,0,568,35,0,1,0,0,0,0,204,0,0,0,1,1,3,0,0,0,1,0,1349,0,0,1,0,normal,2026-03-17 09:36:02
1,0,0,0,0,566,35,0,1,0,0,0,0,204,0,0,0,1,1,3,0,0,0,1,0,1328,0,0,1,0,normal,2026-03-17 09:36:12
1,0,0,0,0,0,43,0,1,0,0,0,0,204,0,0,0,1,2,3,0,0,1,1,0,1147,0,0,1,0,normal,2026-03-17 09:36:13
1,0,0,0,0,226,35,0,1,0,0,0,0,204,0,0,0,1,1,3,0,0,0,1,0,1265,0,0,1,0,normal,2026-03-17 09:36:52
1,0,0,0,0,0,43,0,1,0,0,0,0,204,0,0,0,1,2,3,0,0,1,1,0,1147,0,0,1,0,normal,2026-03-17 09:36:53
1,0,0,0,0,721,35,0,1,0,0,0,0,204,0,0,0,1,3,3,0,0,0,1,0,1415,0,0,1,0,normal,2026-03-17 09:37:02
1,0,0,0,0,604,35,0,1,0,0,0,0,204,0,0,0,1,1,3,0,0,0,1,0,1314,0,0,1,0,normal,2026-03-17 09:37:12
1,0,0,0,0,0,43,0,1,0,0,0,0,204,0,0,0,1,2,3,0,0,1,1,0,1396,0,0,1,0,normal,2026-03-17 09:37:16
1,0,0,0,0,351,35,0,1,0,0,0,0,204,0,0,0,1,3,3,0,0,0,1,0,1506,0,0,1,0,normal,2026-03-17 09:37:17
1,0,0,0,0,0,41,0,1,0,0,0,0,204,0,0,0,1,4,3,0,0,0,1,0,768,0,0,1,0,normal,2026-03-17 09:37:17
1,0,0,0,0,0,32,0,1,0,0,0,0,204,0,0,0,1,5,1,0,0,0,0,0,226,0,0,1,0,normal,2026-03-17 09:37:17
1,0,0,0,0,0,43,0,1,0,0,0,0,204,0,0,0,1,6,3,0,0,0,1,0,1661,0,0,1,0,normal,2026-03-17 09:37:17
1,0,0,0,0,3523,46,0,1,0,0,0,0,204,0,0,0,1,7,3,0,0,0,1,0,1508,0,0,1,0,normal,2026-03-17 09:37:18
1,0,0,0,0,0,43,0,1,0,0,0,0,204,0,0,0,1,8,3,0,0,1,1,0,1158,0,0,1,0,normal,2026-03-17 09:37:21
1,0,0,0,0,428,35,0,1,0,0,0,0,204,0,0,0,1,8,3,0,0,0,1,0,1438,0,0,1,0,normal,2026-03-17 09:37:22
1,0,0,0,0,0,43,0,1,0,0,0,0,204,0,0,0,1,9,3,0,0,1,1,0,1200,0,0,1,0,normal,2026-03-17 09:37:24
1,0,0,0,0,226,35,0,1,0,0,0,0,204,0,0,0,1,10,3,0,0,0,1,0,1453,0,0,1,0,normal,2026-03-17 09:37:24
1,0,0,0,0,0,43,0,1,0,0,0,0,204,0,0,0,1,11,3,0,0,1,1,0,1133,0,0,1,0,normal,2026-03-17 09:37:24
1,0,0,0,0,0,43,0,1,0,0,0,0,204,0,0,0,1,12,3,0,0,1,1,0,1098,0,0,1,0,normal,2026-03-17 09:37:24
1,0,0,0,0,428,35,0,1,0,0,0,0,204,0,0,0,1,6,3,0,0,0,1,0,1563,0,0,1,0,normal,2026-03-17 09:37:32
1,0,0,0,0,0,43,0,1,0,0,0,0,204,0,0,0,1,1,3,0,0,1,1,0,1116,0,0,1,0,normal,2026-03-17 09:38:06
0,0,1,0,0,0,15,0,1,0,0,0,0,200,376056,0,0,1,1,2,0,0,0,0,0,15,0,0,4,0,tiktok,2026-03-17 09:38:27
0,0,1,0,0,0,13,0,1,0,0,0,0,301,1057,0,0,1,2,5,0,0,0,0,0,1089,0,0,2,0,tiktok,2026-03-17 09:38:37
1,0,0,0,0,755,35,0,1,0,0,0,0,204,0,0,0,1,2,3,0,0,0,1,0,1413,0,0,1,0,tiktok,2026-03-17 09:38:38
0,0,1,0,0,0,13,0,1,0,0,0,0,403,501,0,0,1,3,6,0,0,0,0,0,631,0,0,1,0,tiktok,2026-03-17 09:38:38
0,0,1,0,0,0,13,0,1,0,0,0,0,301,967,0,0,1,4,5,0,0,0,0,0,969,0,0,1,0,tiktok,2026-03-17 09:38:41
1,0,0,0,0,0,43,0,1,0,0,0,0,204,0,0,0,1,5,3,0,0,1,1,0,1129,0,0,1,0,tiktok,2026-03-17 09:38:45
0,0,1,0,0,0,14,1,1,0,0,573125,0,403,502,0,0,1,1,6,0,0,0,0,0,630,0,0,1,0,tiktok,2026-03-17 09:40:00
0,0,1,0,0,0,14,1,1,0,0,573125,0,403,512,0,0,1,1,6,0,0,0,0,0,630,0,0,1,0,tiktok,2026-03-17 09:46:43
0,0,1,0,0,0,13,0,1,0,0,0,0,403,508,0,0,1,1,6,0,0,0,0,0,618,0,0,1,0,tiktok,2026-03-17 09:49:38
0,0,1,0,0,0,15,0,1,0,0,0,0,200,398060,0,0,1,1,2,0,0,0,0,0,15,0,0,4,0,tiktok,2026-03-17 09:50:53
0,0,1,0,0,0,13,0,1,0,0,0,0,301,1123,0,0,1,2,5,0,0,0,0,0,1159,0,0,2,0,tiktok,2026-03-17 09:50:59
0,0,1,0,0,0,13,0,1,0,0,0,0,301,1033,0,0,1,3,5,0,0,0,0,0,1039,0,0,2,0,tiktok,2026-03-17 09:50:59
0,0,1,0,0,0,14,1,1,0,0,540375,0,403,512,0,0,1,1,6,0,0,0,0,0,630,0,0,1,0,tiktok,2026-03-17 09:52:36
0,0,1,0,0,0,14,1,1,0,0,884250,0,403,510,0,0,1,1,6,0,0,0,0,0,630,0,0,1,0,tiktok,2026-03-17 09:54:12
0,0,1,0,0,0,15,0,1,0,0,0,0,200,404776,0,0,1,1,2,0,0,0,0,0,15,0,0,4,0,tiktok,2026-03-17 09:55:40
1,0,0,0,0,226,35,0,1,0,0,0,0,204,0,0,0,1,1,3,0,0,0,1,0,1367,0,0,1,0,tiktok,2026-03-17 09:56:19
1,0,0,0,0,226,35,0,1,0,0,0,0,204,0,0,0,1,2,3,0,0,0,1,0,1310,0,0,1,0,tiktok,2026-03-17 09:56:22
0,0,1,0,0,0,15,0,1,0,0,0,0,200,404677,0,0,1,1,2,0,0,0,0,0,15,0,0,4,0,tiktok,2026-03-17 09:56:35
1,0,0,0,0,838,35,0,1,0,0,0,0,204,0,0,0,1,2,3,0,0,0,1,0,1293,0,0,1,0,tiktok,2026-03-17 09:56:42
0,0,1,0,0,0,13,0,1,0,0,0,0,301,1125,0,0,1,3,5,0,0,0,0,0,1161,0,0,2,0,tiktok,2026-03-17 09:56:42
0,0,1,0,0,0,13,0,1,0,0,0,0,403,508,0,0,1,4,6,0,0,0,0,0,630,0,0,1,0,tiktok,2026-03-17 09:56:44
0,0,1,0,0,0,13,0,1,0,0,0,0,403,512,0,0,1,5,6,0,0,0,0,0,630,0,0,1,0,tiktok,2026-03-17 09:56:44
1,0,0,0,0,838,35,0,1,0,0,0,0,204,0,0,0,1,3,3,0,0,0,1,0,1293,0,0,1,0,tiktok,2026-03-17 09:56:52
1,0,0,0,0,226,35,0,1,0,0,0,0,204,0,0,0,1,4,3,0,0,0,1,0,1310,0,0,1,0,tiktok,2026-03-17 09:56:52
0,0,1,0,0,0,13,0,1,0,0,0,0,301,1033,0,0,1,3,5,0,0,0,0,0,1039,0,0,2,0,tiktok,2026-03-17 09:56:55
1,0,0,0,0,0,43,0,1,0,0,0,0,204,0,0,0,1,4,3,0,0,1,1,0,1229,0,0,1,0,tiktok,2026-03-17 09:57:00
1,0,0,0,0,0,43,0,1,0,0,0,0,204,0,0,0,1,1,3,0,0,1,1,0,1130,0,0,1,0,tiktok,2026-03-17 09:57:40
0,0,1,0,0,0,14,1,1,0,0,507625,0,403,512,0,0,1,1,6,0,0,0,0,0,617,0,0,1,0,tiktok,2026-03-17 10:00:47
0,0,1,0,0,0,13,0,1,0,0,0,0,403,510,0,0,1,1,6,0,0,0,0,0,630,0,0,1,0,tiktok,2026-03-17 10:04:05
0,0,1,0,0,0,13,0,1,0,0,0,0,403,506,0,0,1,2,6,0,0,0,0,0,630,0,0,1,0,tiktok,2026-03-17 10:04:12
0,0,1,0,0,0,14,1,1,0,0,1490125,0,403,506,0,0,1,1,6,0,0,0,0,0,631,0,0,1,0,tiktok,2026-03-17 10:05:36
0,0,1,0,0,0,14,1,1,0,0,1162661,0,403,510,0,0,1,2,6,0,0,0,0,0,631,0,0,1,0,tiktok,2026-03-17 10:05:42
0,0,1,0,0,0,14,1,1,0,0,1161077,0,403,510,0,0,1,1,6,0,0,0,0,0,631,0,0,1,0,tiktok,2026-03-17 10:05:53
0,0,1,0,0,0,14,1,1,0,0,655000,0,403,505,0,0,1,1,6,0,0,0,0,0,630,0,0,1,0,tiktok,2026-03-17 10:08:59
0,0,1,0,0,0,14,1,1,0,0,884250,0,403,501,0,0,1,1,6,0,0,0,0,0,630,0,0,1,0,tiktok,2026-03-17 10:10:09
0,0,1,0,0,0,15,0,1,0,0,0,0,200,392075,0,0,1,1,2,0,0,0,0,0,15,0,0,4,0,tiktok,2026-03-17 10:10:20
0,0,1,0,0,0,13,0,1,0,0,0,0,301,1123,0,0,1,2,5,0,0,0,0,0,1159,0,0,2,0,tiktok,2026-03-17 10:10:28
0,0,1,0,0,0,13,0,1,0,0,0,0,403,502,0,0,1,3,6,0,0,0,0,0,630,0,0,1,0,tiktok,2026-03-17 10:10:28
0,0,1,0,0,0,13,0,1,0,0,0,0,403,501,0,0,1,4,6,0,0,0,0,0,631,0,0,1,0,tiktok,2026-03-17 10:10:28
0,0,1,0,0,0,13,0,1,0,0,0,0,301,1033,0,0,1,1,5,0,0,0,0,0,1039,0,0,2,0,tiktok,2026-03-17 10:10:40
0,0,1,0,0,0,14,1,1,0,0,671375,0,403,511,0,0,1,1,6,0,0,0,0,0,617,0,0,1,0,tiktok,2026-03-17 10:13:02
0,0,1,0,0,0,14,1,1,0,0,3111250,0,403,506,0,0,1,1,6,0,0,0,0,0,632,0,0,1,0,tiktok,2026-03-17 10:15:39
0,0,1,0,0,0,14,1,1,0,0,1572000,0,403,502,0,0,1,1,6,0,0,0,0,0,631,0,0,1,0,tiktok,2026-03-17 10:16:34
0,0,1,0,0,0,14,1,1,0,0,786000,0,403,510,0,0,1,2,6,0,0,0,0,0,631,0,0,1,0,tiktok,2026-03-17 10:16:44
0,0,1,0,0,0,14,1,1,0,0,573125,0,403,510,0,0,1,1,6,0,0,0,0,0,631,0,0,1,0,tiktok,2026-03-17 10:23:23
0,0,1,0,0,0,14,1,1,0,0,1522875,0,403,510,0,0,1,1,6,0,0,0,0,0,632,0,0,1,0,tiktok,2026-03-17 10:25:33
0,0,1,0,0,0,14,1,1,0,0,1129911,0,403,501,0,0,1,2,6,0,0,0,0,0,630,0,0,1,0,tiktok,2026-03-17 10:25:35
0,0,1,0,0,0,15,0,1,0,0,0,0,200,395282,0,0,1,1,2,0,0,0,0,0,15,0,0,4,0,tiktok,2026-03-17 10:26:09
0,0,1,0,0,0,13,0,1,0,0,0,0,301,1123,0,0,1,2,5,0,0,0,0,0,1159,0,0,2,0,tiktok,2026-03-17 10:26:16
0,0,1,0,0,0,13,0,1,0,0,0,0,403,509,0,0,1,3,6,0,0,0,0,0,630,0,0,1,0,tiktok,2026-03-17 10:26:17
0,0,1,0,0,0,13,0,1,0,0,0,0,403,417,0,0,1,4,6,0,0,0,0,0,630,0,0,1,0,tiktok,2026-03-17 10:26:17
0,0,1,0,0,0,13,0,1,0,0,0,0,301,1035,0,0,1,1,5,0,0,0,0,0,1041,0,0,2,0,tiktok,2026-03-17 10:26:29
0,0,1,0,0,0,14,1,1,0,0,1162625,0,403,510,0,0,1,1,6,0,0,0,0,0,630,0,0,1,0,tiktok,2026-03-17 10:29:30
0,0,1,0,0,0,13,0,1,0,0,0,0,403,509,0,0,1,1,6,0,0,0,0,0,618,0,0,1,0,tiktok,2026-03-17 10:30:14
0,0,1,0,0,0,14,1,1,0,0,704125,0,403,506,0,0,1,1,6,0,0,0,0,0,631,0,0,1,0,tiktok,2026-03-17 10:30:37
1,0,0,0,0,0,20,0,1,0,0,0,0,200,122073,0,0,1,1,2,0,0,0,0,0,484,0,0,4,0,normal,2026-03-17 10:30:55
0,0,1,0,0,0,15,0,1,0,0,0,0,200,403114,0,0,1,2,2,0,0,0,0,0,15,0,0,4,0,normal,2026-03-17 10:30:56
0,0,1,0,0,0,13,0,1,0,0,0,0,301,1123,0,0,1,3,5,0,0,0,0,0,1159,0,0,2,0,normal,2026-03-17 10:31:00
0,0,1,0,0,0,13,0,1,0,0,0,0,301,1033,0,0,1,4,5,0,0,0,0,0,1039,0,0,2,0,normal,2026-03-17 10:31:01
0,0,1,0,0,0,13,0,1,0,0,0,0,403,504,0,0,1,5,6,0,0,0,0,0,631,0,0,1,0,normal,2026-03-17 10:31:03
0,0,1,0,0,0,14,1,1,0,0,1031625,0,403,502,0,0,1,1,6,0,0,0,0,0,631,0,0,1,0,normal,2026-03-17 10:32:13
0,0,1,0,0,0,14,1,1,0,0,818786,0,403,510,0,0,1,1,6,0,0,0,0,0,631,0,0,1,0,normal,2026-03-17 10:33:06
0,0,1,0,0,0,14,1,1,0,0,1080750,0,403,512,0,0,1,1,6,0,0,0,0,0,631,0,0,1,0,normal,2026-03-17 10:35:07
0,0,1,0,0,0,14,1,1,0,0,769661,0,403,512,0,0,1,1,6,0,0,0,0,0,631,0,0,1,0,normal,2026-03-17 10:37:12
0,0,1,0,0,0,14,1,1,0,0,605911,0,403,512,0,0,1,1,6,0,0,0,0,0,630,0,0,1,0,normal,2026-03-17 10:38:39
0,0,1,0,0,0,14,1,1,0,0,884250,0,403,504,0,0,1,1,6,0,0,0,0,0,631,0,0,1,0,normal,2026-03-17 10:39:50
1,0,0,0,0,0,20,0,1,0,0,0,0,200,122816,0,0,1,1,2,0,0,0,0,0,484,0,0,4,0,tiktok,2026-03-17 10:40:19
0,0,1,0,0,0,15,0,1,0,0,0,0,200,399536,0,0,1,2,2,0,0,0,0,0,15,0,0,4,0,tiktok,2026-03-17 10:40:20
0,0,1,0,0,0,13,0,1,0,0,0,0,301,1123,0,0,1,3,5,0,0,0,0,0,1159,0,0,2,0,tiktok,2026-03-17 10:40:26
0,0,1,0,0,0,13,0,1,0,0,0,0,301,1033,0,0,1,4,5,0,0,0,0,0,1039,0,0,2,0,tiktok,2026-03-17 10:40:26
0,0,1,0,0,0,13,0,1,0,0,0,0,403,508,0,0,1,5,6,0,0,0,0,0,631,0,0,1,0,tiktok,2026-03-17 10:40:27
0,0,1,0,0,0,14,1,1,0,0,671375,0,403,512,0,0,1,1,6,0,0,0,0,0,630,0,0,1,0,tiktok,2026-03-17 10:41:09
0,0,1,0,0,0,14,1,1,0,0,1048000,0,403,509,0,0,1,1,6,0,0,0,0,0,630,0,0,1,0,tiktok,2026-03-17 10:46:40
0,0,1,0,0,0,14,1,1,0,0,2308875,0,403,502,0,0,1,1,6,0,0,0,0,0,631,0,0,1,0,tiktok,2026-03-17 10:47:02
0,0,1,0,0,0,14,1,1,0,0,638625,0,403,511,0,0,1,1,6,0,0,0,0,0,631,0,0,1,0,tiktok,2026-03-17 10:51:01
0,0,1,0,0,0,14,1,1,0,0,671411,0,403,512,0,0,1,1,6,0,0,0,0,0,630,0,0,1,0,tiktok,2026-03-17 10:52:03
0,0,1,0,0,0,13,0,1,0,0,0,0,403,512,0,0,1,1,6,0,0,0,0,0,618,0,0,1,0,tiktok,2026-03-17 10:53:10
0,0,1,0,0,0,13,0,1,0,0,0,0,403,508,0,0,1,1,6,0,0,0,0,0,631,0,0,1,0,tiktok,2026-03-17 10:56:43
0,0,1,0,0,0,13,0,1,0,0,0,0,403,511,0,0,1,2,6,0,0,0,0,0,630,0,0,1,0,tiktok,2026-03-17 10:56:46
0,0,1,0,0,0,15,0,1,0,0,0,0,200,395828,0,0,1,1,2,0,0,0,0,0,15,0,0,4,0,tiktok,2026-03-17 10:57:48
0,0,1,0,0,0,13,0,1,0,0,0,0,301,1125,0,0,1,2,5,0,0,0,0,0,1161,0,0,2,0,tiktok,2026-03-17 10:57:56
0,0,1,0,0,0,13,0,1,0,0,0,0,403,512,0,0,1,3,6,0,0,0,0,0,630,0,0,1,0,tiktok,2026-03-17 10:57:57
0,0,1,0,0,0,13,0,1,0,0,0,0,403,512,0,0,1,4,6,0,0,0,0,0,630,0,0,1,0,tiktok,2026-03-17 10:57:57
0,0,1,0,0,0,13,0,1,0,0,0,0,301,1033,0,0,1,4,5,0,0,0,0,0,1039,0,0,2,0,tiktok,2026-03-17 10:58:03
0,0,1,0,0,0,14,1,1,0,0,933375,0,403,510,0,0,1,1,6,0,0,0,0,0,630,0,0,1,0,tiktok,2026-03-17 11:00:52
0,0,1,0,0,0,15,0,1,0,0,0,0,200,403891,0,0,1,1,2,0,0,0,0,0,15,0,0,4,0,tiktok,2026-03-17 11:03:26
0,0,1,0,0,0,13,0,1,0,0,0,0,301,1123,0,0,1,2,5,0,0,0,0,0,1159,0,0,2,0,tiktok,2026-03-17 11:03:30
0,0,1,0,0,0,13,0,1,0,0,0,0,301,1033,0,0,1,3,5,0,0,0,0,0,1039,0,0,2,0,tiktok,2026-03-17 11:03:32
0,0,1,0,0,0,13,0,1,0,0,0,0,403,498,0,0,1,4,6,0,0,0,0,0,631,0,0,1,0,tiktok,2026-03-17 11:03:34
0,0,1,0,0,0,14,1,1,0,0,1457375,0,403,512,0,0,1,1,6,0,0,0,0,0,632,0,0,1,0,tiktok,2026-03-17 11:06:10
0,0,1,0,0,0,14,1,1,0,0,638625,0,403,508,0,0,1,2,6,0,0,0,0,0,630,0,0,1,0,tiktok,2026-03-17 11:06:12
0,0,1,0,0,0,15,0,1,0,0,0,0,200,399445,0,0,1,1,2,0,0,0,0,0,15,0,0,4,0,tiktok,2026-03-17 11:08:29
0,0,1,0,0,0,13,0,1,0,0,0,0,301,1123,0,0,1,2,5,0,0,0,0,0,1159,0,0,2,0,tiktok,2026-03-17 11:08:35
0,0,1,0,0,0,13,0,1,0,0,0,0,403,502,0,0,1,3,6,0,0,0,0,0,631,0,0,1,0,tiktok,2026-03-17 11:08:36
0,0,1,0,0,0,13,0,1,0,0,0,0,403,502,0,0,1,4,6,0,0,0,0,0,631,0,0,1,0,tiktok,2026-03-17 11:08:36
0,0,1,0,0,0,13,0,1,0,0,0,0,301,1033,0,0,1,4,5,0,0,0,0,0,1039,0,0,2,0,tiktok,2026-03-17 11:08:40
1,0,0,0,0,0,20,0,1,0,0,0,0,200,122173,0,0,1,1,2,0,0,0,0,0,484,0,0,4,0,tiktok,2026-03-17 11:15:33
0,0,1,0,0,0,15,0,1,0,0,0,0,200,373283,0,0,1,2,2,0,0,0,0,0,15,0,0,4,0,tiktok,2026-03-17 11:15:42
0,0,1,0,0,0,13,0,1,0,0,0,0,301,1123,0,0,1,2,5,0,0,0,0,0,1159,0,0,2,0,tiktok,2026-03-17 11:15:44
0,0,1,0,0,0,13,0,1,0,0,0,0,301,1033,0,0,1,3,5,0,0,0,0,0,1039,0,0,2,0,tiktok,2026-03-17 11:15:45
0,0,1,0,0,0,14,1,1,0,0,753286,0,403,507,0,0,1,1,6,0,0,0,0,0,618,0,0,1,0,tiktok,2026-03-17 11:16:08
0,0,1,0,0,0,14,1,1,0,0,933411,0,403,512,0,0,1,1,6,0,0,0,0,0,630,0,0,1,0,tiktok,2026-03-17 11:17:44
1,0,0,0,0,0,20,0,1,0,0,0,0,200,122531,0,0,1,1,2,0,0,0,0,0,484,0,0,4,0,tiktok,2026-03-17 11:17:58
0,0,1,0,0,0,15,0,1,0,0,0,0,200,391433,0,0,1,2,2,0,0,0,0,0,15,0,0,4,0,tiktok,2026-03-17 11:18:00
0,0,1,0,0,0,13,0,1,0,0,0,0,301,1123,0,0,1,3,5,0,0,0,0,0,1159,0,0,2,0,tiktok,2026-03-17 11:18:04
0,0,1,0,0,0,13,0,1,0,0,0,0,301,1033,0,0,1,4,5,0,0,0,0,0,1039,0,0,2,0,tiktok,2026-03-17 11:18:05
0,0,1,0,0,0,13,0,1,0,0,0,0,403,512,0,0,1,5,6,0,0,0,0,0,630,0,0,1,0,tiktok,2026-03-17 11:18:08
0,0,1,0,0,0,14,1,1,0,0,605875,0,403,504,0,0,1,1,6,0,0,0,0,0,630,0,0,1,0,tiktok,2026-03-17 11:18:50
0,0,1,0,0,0,13,0,1,0,0,0,0,403,512,0,0,1,2,6,0,0,0,0,0,631,0,0,1,0,tiktok,2026-03-17 11:18:54
1,0,0,0,0,226,35,0,1,0,0,0,0,204,0,0,0,1,1,3,0,0,0,1,0,1364,0,0,1,0,tiktok,2026-03-17 11:30:21
1,0,0,0,0,226,35,0,1,0,0,0,0,204,0,0,0,1,1,3,0,0,0,1,0,1341,0,0,1,0,tiktok,2026-03-17 11:30:32
1,0,0,0,0,226,35,0,1,0,0,0,0,204,0,0,0,1,1,3,0,0,0,1,0,1269,0,0,1,0,tiktok,2026-03-17 11:31:02
1,0,0,0,0,0,43,0,1,0,0,0,0,204,0,0,0,1,2,3,0,0,1,1,0,1134,0,0,1,0,tiktok,2026-03-17 11:31:03
1,0,0,0,0,0,43,0,1,0,0,0,0,204,0,0,0,1,1,3,0,0,1,1,0,1161,0,0,1,0,tiktok,2026-03-17 11:31:38
1,0,0,0,0,226,35,0,1,0,0,0,0,204,0,0,0,1,2,3,0,0,0,1,0,1541,0,0,1,0,tiktok,2026-03-17 11:31:39
1,0,0,0,0,0,41,0,1,0,0,0,0,204,0,0,0,1,3,3,0,0,0,1,0,765,0,0,1,0,tiktok,2026-03-17 11:31:39
1,0,0,0,0,0,43,0,1,0,0,0,0,204,0,0,0,1,4,3,0,0,0,1,0,1631,0,0,1,0,tiktok,2026-03-17 11:31:39
1,0,0,0,0,0,32,0,1,0,0,0,0,204,0,0,0,1,5,1,0,0,0,0,0,226,0,0,1,0,tiktok,2026-03-17 11:31:39
1,0,0,0,0,3522,46,0,1,0,0,0,0,204,0,0,0,1,6,3,0,0,0,1,0,1481,0,0,1,0,tiktok,2026-03-17 11:31:40
1,0,0,0,0,396,35,0,1,0,0,0,0,204,0,0,0,1,7,3,0,0,0,1,0,1503,0,0,1,0,tiktok,2026-03-17 11:31:42
1,0,0,0,0,0,43,0,1,0,0,0,0,204,0,0,0,1,8,3,0,0,1,1,0,1131,0,0,1,0,tiktok,2026-03-17 11:31:42
1,0,0,0,0,0,43,0,1,0,0,0,0,204,0,0,0,1,9,3,0,0,1,1,0,1135,0,0,1,0,tiktok,2026-03-17 11:31:45
1,0,0,0,0,226,35,0,1,0,0,0,0,204,0,0,0,1,10,3,0,0,0,1,0,1359,0,0,1,0,tiktok,2026-03-17 11:31:45
1,0,0,0,0,0,43,0,1,0,0,0,0,204,0,0,0,1,11,3,0,0,1,1,0,1119,0,0,1,0,tiktok,2026-03-17 11:31:45
1,0,0,0,0,0,43,0,1,0,0,0,0,204,0,0,0,1,12,3,0,0,1,1,0,1097,0,0,1,0,tiktok,2026-03-17 11:31:45
1,0,0,0,0,354,35,0,1,0,0,0,0,204,0,0,0,1,7,3,0,0,0,1,0,1403,0,0,1,0,tiktok,2026-03-17 11:31:52
1,0,0,0,0,0,43,0,1,0,0,0,0,204,0,0,0,1,1,3,0,0,1,1,0,1133,0,0,1,0,tiktok,2026-03-17 11:32:27
1,0,0,0,0,226,35,0,1,0,0,0,0,204,0,0,0,1,2,3,0,0,0,1,0,1268,0,0,1,0,tiktok,2026-03-17 11:32:32
1,0,0,0,0,226,35,0,1,0,0,0,0,204,0,0,0,1,1,3,0,0,0,1,0,1267,0,0,1,0,tiktok,2026-03-17 11:33:02
1,0,0,0,0,0,43,0,1,0,0,0,0,204,0,0,0,1,2,3,0,0,1,1,0,1135,0,0,1,0,tiktok,2026-03-17 11:33:06
1,0,0,0,0,375,35,0,1,0,0,0,0,204,0,0,0,1,3,3,0,0,0,1,0,1426,0,0,1,0,tiktok,2026-03-17 11:33:12
1,0,0,0,0,226,35,0,1,0,0,0,0,204,0,0,0,1,1,3,0,0,0,1,0,1385,0,0,1,0,tiktok,2026-03-17 11:33:22
1,0,0,0,0,0,43,0,1,0,0,0,0,204,0,0,0,1,1,3,0,0,1,1,0,1210,0,0,1,0,tiktok,2026-03-17 11:33:46
1,0,0,0,0,226,35,0,1,0,0,0,0,204,0,0,0,1,2,3,0,0,0,1,0,1232,0,0,1,0,tiktok,2026-03-17 11:33:52
1,0,0,0,0,0,43,0,1,0,0,0,0,204,0,0,0,1,1,3,0,0,1,1,0,1131,0,0,1,0,tiktok,2026-03-17 11:34:26
1,0,0,0,0,226,35,0,1,0,0,0,0,204,0,0,0,1,2,3,0,0,0,1,0,1267,0,0,1,0,tiktok,2026-03-17 11:34:32
1,0,0,0,0,226,35,0,1,0,0,0,0,204,0,0,0,1,1,3,0,0,0,1,0,1270,0,0,1,0,tiktok,2026-03-17 11:35:02
1,0,0,0,0,0,43,0,1,0,0,0,0,204,0,0,0,1,2,3,0,0,1,1,0,1135,0,0,1,0,tiktok,2026-03-17 11:35:06
1,0,0,0,0,426,35,0,1,0,0,0,0,204,0,0,0,1,1,3,0,0,0,1,0,1433,0,0,1,0,tiktok,2026-03-17 11:35:32
1,0,0,0,0,0,43,0,1,0,0,0,0,204,0,0,0,1,1,3,0,0,1,1,0,1190,0,0,1,0,tiktok,2026-03-17 11:35:46
1,0,0,0,0,561,35,0,1,0,0,0,0,204,0,0,0,1,2,3,0,0,0,1,0,1318,0,0,1,0,tiktok,2026-03-17 11:35:52
1,0,0,0,0,2065,35,0,1,0,0,0,0,204,0,0,0,1,1,3,0,0,0,1,0,1099,0,0,1,0,tiktok,2026-03-17 11:36:02
1,0,0,0,0,226,35,0,1,0,0,0,0,204,0,0,0,1,2,3,0,0,0,1,0,1346,0,0,1,0,tiktok,2026-03-17 11:36:12
1,0,0,0,0,571,35,0,1,0,0,0,0,204,0,0,0,1,1,3,0,0,0,1,0,1357,0,0,1,0,tiktok,2026-03-17 11:36:22
1,0,0,0,0,0,43,0,1,0,0,0,0,204,0,0,0,1,2,3,0,0,1,1,0,1540,0,0,1,0,tiktok,2026-03-17 11:36:26
1,0,0,0,0,382,35,0,1,0,0,0,0,204,0,0,0,1,3,3,0,0,0,1,0,1286,0,0,1,0,tiktok,2026-03-17 11:36:32
1,0,0,0,0,226,35,0,1,0,0,0,0,204,0,0,0,1,1,3,0,0,0,1,0,1269,0,0,1,0,tiktok,2026-03-17 11:37:02
1,0,0,0,0,0,43,0,1,0,0,0,0,204,0,0,0,1,2,3,0,0,1,1,0,1138,0,0,1,0,tiktok,2026-03-17 11:37:06
1,0,0,0,0,226,35,0,1,0,0,0,0,204,0,0,0,1,1,3,0,0,0,1,0,1269,0,0,1,0,tiktok,2026-03-17 11:37:32
1,0,0,0,0,426,35,0,1,0,0,0,0,204,0,0,0,1,1,3,0,0,0,1,0,1429,0,0,1,0,tiktok,2026-03-17 11:37:42
1,0,0,0,0,0,43,0,1,0,0,0,0,204,0,0,0,1,2,3,0,0,1,1,0,1243,0,0,1,0,tiktok,2026-03-17 11:37:46
1,0,0,0,0,583,35,0,1,0,0,0,0,204,0,0,0,1,2,3,0,0,0,1,0,1318,0,0,1,0,tiktok,2026-03-17 11:37:52
1,0,0,0,0,226,35,0,1,0,0,0,0,204,0,0,0,1,2,3,0,0,0,1,0,1363,0,0,1,0,tiktok,2026-03-17 11:38:02
1,0,0,0,0,0,43,0,1,0,0,0,0,204,0,0,0,1,1,3,0,0,1,1,0,1189,0,0,1,0,tiktok,2026-03-17 11:38:26
1,0,0,0,0,226,35,0,1,0,0,0,0,204,0,0,0,1,2,3,0,0,0,1,0,1269,0,0,1,0,tiktok,2026-03-17 11:38:32
1,0,0,0,0,671,35,0,1,0,0,0,0,204,0,0,0,1,1,3,0,0,0,1,0,1372,0,0,1,0,tiktok,2026-03-17 11:39:02
1,0,0,0,0,0,43,0,1,0,0,0,0,204,0,0,0,1,2,3,0,0,1,1,0,1293,0,0,1,0,tiktok,2026-03-17 11:39:06
1,0,0,0,0,404,35,0,1,0,0,0,0,204,0,0,0,1,2,3,0,0,0,1,0,1387,0,0,1,0,tiktok,2026-03-17 11:39:12
1,0,0,0,0,226,35,0,1,0,0,0,0,204,0,0,0,1,2,3,0,0,0,1,0,1427,0,0,1,0,tiktok,2026-03-17 11:39:22
1,0,0,0,0,404,35,0,1,0,0,0,0,204,0,0,0,1,1,3,0,0,0,1,0,1418,0,0,1,0,tiktok,2026-03-17 11:39:32
1,0,0,0,0,0,43,0,1,0,0,0,0,204,0,0,0,1,1,3,0,0,1,1,0,1320,0,0,1,0,tiktok,2026-03-17 11:39:46
1,0,0,0,0,226,35,0,1,0,0,0,0,204,0,0,0,1,1,3,0,0,0,1,0,1356,0,0,1,0,tiktok,2026-03-17 11:40:02
1,0,0,0,0,0,43,0,1,0,0,0,0,204,0,0,0,1,1,3,0,0,1,1,0,1181,0,0,1,0,tiktok,2026-03-17 11:40:26
1,0,0,0,0,226,35,0,1,0,0,0,0,204,0,0,0,1,1,3,0,0,0,1,0,1269,0,0,1,0,tiktok,2026-03-17 11:40:42
1,0,0,0,0,226,35,0,1,0,0,0,0,204,0,0,0,1,1,3,0,0,0,1,0,1447,0,0,1,0,tiktok,2026-03-17 11:41:02
1,0,0,0,0,0,43,0,1,0,0,0,0,204,0,0,0,1,2,3,0,0,1,1,0,1209,0,0,1,0,tiktok,2026-03-17 11:41:06
1,0,0,0,0,226,35,0,1,0,0,0,0,204,0,0,0,1,3,3,0,0,0,1,0,1392,0,0,1,0,tiktok,2026-03-17 11:41:12
1,0,0,0,0,226,35,0,1,0,0,0,0,204,0,0,0,1,2,3,0,0,0,1,0,1392,0,0,1,0,tiktok,2026-03-17 11:41:22
1,0,0,0,0,0,43,0,1,0,0,0,0,204,0,0,0,1,1,3,0,0,1,1,0,1181,0,0,1,0,tiktok,2026-03-17 11:41:46
1,0,0,0,0,226,35,0,1,0,0,0,0,204,0,0,0,1,2,3,0,0,0,1,0,1234,0,0,1,0,tiktok,2026-03-17 11:41:52
1,0,0,0,0,226,35,0,1,0,0,0,0,204,0,0,0,1,1,3,0,0,0,1,0,1268,0,0,1,0,tiktok,2026-03-17 11:42:22
1,0,0,0,0,0,43,0,1,0,0,0,0,204,0,0,0,1,2,3,0,0,1,1,0,1151,0,0,1,0,tiktok,2026-03-17 11:42:26
1,0,0,0,0,382,35,0,1,0,0,0,0,204,0,0,0,1,1,3,0,0,0,1,0,1420,0,0,1,0,tiktok,2026-03-17 11:42:52
1,0,0,0,0,226,35,0,1,0,0,0,0,204,0,0,0,1,2,3,0,0,0,1,0,1252,0,0,1,0,tiktok,2026-03-17 11:43:02
1,0,0,0,0,0,43,0,1,0,0,0,0,204,0,0,0,1,2,3,0,0,1,1,0,1207,0,0,1,0,tiktok,2026-03-17 11:43:06
1,0,0,0,0,226,35,0,1,0,0,0,0,204,0,0,0,1,3,3,0,0,0,1,0,1392,0,0,1,0,tiktok,2026-03-17 11:43:12
1,0,0,0,0,404,35,0,1,0,0,0,0,204,0,0,0,1,2,3,0,0,0,1,0,1365,0,0,1,0,tiktok,2026-03-17 11:43:22
1,0,0,0,0,1710,35,0,1,0,0,0,0,204,0,0,0,1,1,3,0,0,0,1,0,1155,0,0,1,0,tiktok,2026-03-17 11:43:32
1,0,0,0,0,226,35,0,1,0,0,0,0,204,0,0,0,1,1,3,0,0,0,1,0,1516,0,0,1,0,tiktok,2026-03-17 11:43:42
1,0,0,0,0,0,43,0,1,0,0,0,0,204,0,0,0,1,2,3,0,0,1,1,0,1496,0,0,1,0,tiktok,2026-03-17 11:43:46
1,0,0,0,0,226,35,0,1,0,0,0,0,204,0,0,0,1,1,3,0,0,0,1,0,1269,0,0,1,0,tiktok,2026-03-17 11:44:12
1,0,0,0,0,0,43,0,1,0,0,0,0,204,0,0,0,1,1,3,0,0,1,1,0,1181,0,0,1,0,tiktok,2026-03-17 11:44:26
1,0,0,0,0,1569,35,0,1,0,0,0,0,204,0,0,0,1,2,3,0,0,0,1,0,1198,0,0,1,0,tiktok,2026-03-17 11:44:32
1,0,0,0,0,1247,35,0,1,0,0,0,0,204,0,0,0,1,1,3,0,0,0,1,0,1280,0,0,1,0,tiktok,2026-03-17 11:44:42
1,0,0,0,0,598,35,0,1,0,0,0,0,204,0,0,0,1,1,3,0,0,0,1,0,1396,0,0,1,0,tiktok,2026-03-17 11:44:52
1,0,0,0,0,936,35,0,1,0,0,0,0,204,0,0,0,1,2,3,0,0,0,1,0,1395,0,0,1,0,tiktok,2026-03-17 11:45:02
1,0,0,0,0,0,43,0,1,0,0,0,0,204,0,0,0,1,2,3,0,0,1,1,0,1698,0,0,1,0,tiktok,2026-03-17 11:45:06
1,0,0,0,0,382,35,0,1,0,0,0,0,204,0,0,0,1,1,3,0,0,0,1,0,1405,0,0,1,0,tiktok,2026-03-17 11:45:27
1,0,0,0,0,0,43,0,1,0,0,0,0,204,0,0,0,1,2,3,0,0,1,1,0,1187,0,0,1,0,tiktok,2026-03-17 11:45:27
1,0,0,0,0,355,35,0,1,0,0,0,0,204,0,0,0,1,3,3,0,0,0,1,0,1587,0,0,1,0,tiktok,2026-03-17 11:45:29
1,0,0,0,0,0,41,0,1,0,0,0,0,204,0,0,0,1,4,3,0,0,0,1,0,761,0,0,1,0,tiktok,2026-03-17 11:45:29
1,0,0,0,0,0,43,0,1,0,0,0,0,204,0,0,0,1,5,3,0,0,0,1,0,1765,0,0,1,0,tiktok,2026-03-17 11:45:29
1,0,0,0,0,0,32,0,1,0,0,0,0,204,0,0,0,1,6,1,0,0,0,0,0,226,0,0,1,0,tiktok,2026-03-17 11:45:29
1,0,0,0,0,3528,46,0,1,0,0,0,0,204,0,0,0,1,7,3,0,0,0,1,0,1500,0,0,1,0,tiktok,2026-03-17 11:45:30
1,0,0,0,0,226,35,0,1,0,0,0,0,204,0,0,0,1,8,3,0,0,0,1,0,1603,0,0,1,0,tiktok,2026-03-17 11:45:33
1,0,0,0,0,0,43,0,1,0,0,0,0,204,0,0,0,1,9,3,0,0,1,1,0,1273,0,0,1,0,tiktok,2026-03-17 11:45:34
1,0,0,0,0,226,35,0,1,0,0,0,0,204,0,0,0,1,10,3,0,0,0,1,0,1423,0,0,1,0,tiktok,2026-03-17 11:45:35
1,0,0,0,0,0,43,0,1,0,0,0,0,204,0,0,0,1,11,3,0,0,1,1,0,1256,0,0,1,0,tiktok,2026-03-17 11:45:35
1,0,0,0,0,0,43,0,1,0,0,0,0,204,0,0,0,1,12,3,0,0,0,1,0,1541,0,0,1,0,tiktok,2026-03-17 11:45:35
1,0,0,0,0,0,32,0,1,0,0,0,0,204,0,0,0,1,13,1,0,0,0,0,0,244,0,0,1,0,tiktok,2026-03-17 11:45:35
1,0,0,0,0,3524,46,0,1,0,0,0,0,204,0,0,0,1,14,3,0,0,0,1,0,1390,0,0,1,0,tiktok,2026-03-17 11:45:36
1,0,0,0,0,226,35,0,1,0,0,0,0,204,0,0,0,1,13,3,0,0,0,1,0,1405,0,0,1,0,tiktok,2026-03-17 11:45:38
1,0,0,0,0,0,43,0,1,0,0,0,0,204,0,0,0,1,10,3,0,0,1,1,0,1110,0,0,1,0,tiktok,2026-03-17 11:45:39
1,0,0,0,0,764,35,0,1,0,0,0,0,204,0,0,0,1,2,3,0,0,0,1,0,1466,0,0,1,0,tiktok,2026-03-17 11:45:48
1,0,0,0,0,0,43,0,1,0,0,0,0,204,0,0,0,1,2,3,0,0,1,1,0,1243,0,0,1,0,tiktok,2026-03-17 11:45:49
1,0,0,0,0,1214,35,0,1,0,0,0,0,204,0,0,0,1,2,3,0,0,0,1,0,1188,0,0,1,0,tiktok,2026-03-17 11:45:58
1,0,0,0,0,0,43,0,1,0,0,0,0,204,0,0,0,1,2,3,0,0,1,1,0,1263,0,0,1,0,tiktok,2026-03-17 11:45:59
1,0,0,0,0,226,35,0,1,0,0,0,0,204,0,0,0,1,2,3,0,0,0,1,0,1421,0,0,1,0,tiktok,2026-03-17 11:46:09
1,0,0,0,0,226,35,0,1,0,0,0,0,204,0,0,0,1,2,3,0,0,0,1,0,1403,0,0,1,0,tiktok,2026-03-17 11:46:18
1,0,0,0,0,0,43,0,1,0,0,0,0,204,0,0,0,1,1,3,0,0,1,1,0,1200,0,0,1,0,tiktok,2026-03-17 11:46:28
1,0,0,0,0,226,35,0,1,0,0,0,0,204,0,0,0,1,1,3,0,0,0,1,0,1256,0,0,1,0,tiktok,2026-03-17 11:46:48
1,0,0,0,0,438,35,0,1,0,0,0,0,204,0,0,0,1,1,3,0,0,0,1,0,1454,0,0,1,0,tiktok,2026-03-17 11:47:08
1,0,0,0,0,0,43,0,1,0,0,0,0,204,0,0,0,1,2,3,0,0,1,1,0,1213,0,0,1,0,tiktok,2026-03-17 11:47:08
1,0,0,0,0,1287,35,0,1,0,0,0,0,204,0,0,0,1,2,3,0,0,0,1,0,1195,0,0,1,0,tiktok,2026-03-17 11:47:18
1,0,0,0,0,388,35,0,1,0,0,0,0,204,0,0,0,1,2,3,0,0,0,1,0,1426,0,0,1,0,tiktok,2026-03-17 11:47:28
1,0,0,0,0,0,43,0,1,0,0,0,0,204,0,0,0,1,1,3,0,0,1,1,0,1335,0,0,1,0,tiktok,2026-03-17 11:47:48
1,0,0,0,0,721,35,0,1,0,0,0,0,204,0,0,0,1,2,3,0,0,0,1,0,1423,0,0,1,0,tiktok,2026-03-17 11:47:58
1,0,0,0,0,226,35,0,1,0,0,0,0,204,0,0,0,1,2,3,0,0,0,1,0,1424,0,0,1,0,tiktok,2026-03-17 11:48:08
1,0,0,0,0,0,43,0,1,0,0,0,0,204,0,0,0,1,1,3,0,0,1,1,0,1261,0,0,1,0,tiktok,2026-03-17 11:48:28
1,0,0,0,0,658,35,0,1,0,0,0,0,204,0,0,0,1,1,3,0,0,0,1,0,1380,0,0,1,0,tiktok,2026-03-17 11:48:38
1,0,0,0,0,570,35,0,1,0,0,0,0,204,0,0,0,1,2,3,0,0,0,1,0,1359,0,0,1,0,tiktok,2026-03-17 11:48:48
1,0,0,0,0,368,35,0,1,0,0,0,0,204,0,0,0,1,2,3,0,0,0,1,0,1411,0,0,1,0,tiktok,2026-03-17 11:48:58
1,0,0,0,0,0,43,0,1,0,0,0,0,204,0,0,0,1,1,3,0,0,1,1,0,1311,0,0,1,0,tiktok,2026-03-17 11:49:08
1,0,0,0,0,0,43,0,1,0,0,0,0,204,0,0,0,1,1,3,0,0,1,1,0,1136,0,0,1,0,tiktok,2026-03-17 11:49:49
1,0,0,0,0,226,35,0,1,0,0,0,0,204,0,0,0,1,1,3,0,0,0,1,0,1346,0,0,1,0,tiktok,2026-03-17 11:54:17
1,0,0,0,0,226,35,0,1,0,0,0,0,204,0,0,0,1,2,3,0,0,0,1,0,1282,0,0,1,0,tiktok,2026-03-17 11:54:18
1,0,0,0,0,226,35,0,1,0,0,0,0,204,0,0,0,1,2,3,0,0,0,1,0,1279,0,0,1,0,tiktok,2026-03-17 11:54:28
1,0,0,0,0,0,43,0,1,0,0,0,0,204,0,0,0,1,1,3,0,0,1,1,0,1145,0,0,1,0,tiktok,2026-03-17 11:54:50
1,0,0,0,0,226,35,0,1,0,0,0,0,204,0,0,0,1,2,3,0,0,0,1,0,1569,0,0,1,0,tiktok,2026-03-17 11:54:50
1,0,0,0,0,0,41,0,1,0,0,0,0,204,0,0,0,1,3,3,0,0,0,1,0,787,0,0,1,0,tiktok,2026-03-17 11:54:50
1,0,0,0,0,0,43,0,1,0,0,0,0,204,0,0,0,1,4,3,0,0,0,1,0,1633,0,0,1,0,tiktok,2026-03-17 11:54:50
1,0,0,0,0,0,32,0,1,0,0,0,0,204,0,0,0,1,5,1,0,0,0,0,0,226,0,0,1,0,tiktok,2026-03-17 11:54:50
1,0,0,0,0,3530,46,0,1,0,0,0,0,204,0,0,0,1,6,3,0,0,0,1,0,1482,0,0,1,0,tiktok,2026-03-17 11:54:51
1,0,0,0,0,0,43,0,1,0,0,0,0,204,0,0,0,1,7,3,0,0,1,1,0,1129,0,0,1,0,tiktok,2026-03-17 11:54:56
1,0,0,0,0,0,43,0,1,0,0,0,0,204,0,0,0,1,8,3,0,0,1,1,0,1134,0,0,1,0,tiktok,2026-03-17 11:54:56
1,0,0,0,0,226,35,0,1,0,0,0,0,204,0,0,0,1,9,3,0,0,0,1,0,1376,0,0,1,0,tiktok,2026-03-17 11:54:56
1,0,0,0,0,0,43,0,1,0,0,0,0,204,0,0,0,1,10,3,0,0,1,1,0,1118,0,0,1,0,tiktok,2026-03-17 11:54:56
1,0,0,0,0,0,43,0,1,0,0,0,0,204,0,0,0,1,11,3,0,0,1,1,0,1105,0,0,1,0,tiktok,2026-03-17 11:54:56
1,0,0,0,0,368,35,0,1,0,0,0,0,204,0,0,0,1,12,3,0,0,0,1,0,1464,0,0,1,0,tiktok,2026-03-17 11:54:58
1,0,0,0,0,408,35,0,1,0,0,0,0,204,0,0,0,1,1,3,0,0,0,1,0,1413,0,0,1,0,tiktok,2026-03-17 11:55:18
1,0,0,0,0,0,43,0,1,0,0,0,0,204,0,0,0,1,1,3,0,0,1,1,0,1261,0,0,1,0,tiktok,2026-03-17 11:55:36
1,0,0,0,0,624,35,0,1,0,0,0,0,204,0,0,0,1,2,3,0,0,0,1,0,1401,0,0,1,0,tiktok,2026-03-17 11:55:38
1,0,0,0,0,408,35,0,1,0,0,0,0,204,0,0,0,1,1,3,0,0,0,1,0,1498,0,0,1,0,tiktok,2026-03-17 11:55:49
1,0,0,0,0,408,35,0,1,0,0,0,0,204,0,0,0,1,2,3,0,0,0,1,0,1416,0,0,1,0,tiktok,2026-03-17 11:55:58
1,0,0,0,0,226,35,0,1,0,0,0,0,204,0,0,0,1,2,3,0,0,0,1,0,1425,0,0,1,0,tiktok,2026-03-17 11:56:08
1,0,0,0,0,0,43,0,1,0,0,0,0,204,0,0,0,1,2,3,0,0,1,1,0,1338,0,0,1,0,tiktok,2026-03-17 11:56:16
1,0,0,0,0,226,35,0,1,0,0,0,0,204,0,0,0,1,2,3,0,0,0,1,0,1406,0,0,1,0,tiktok,2026-03-17 11:56:18
1,0,0,0,0,226,35,0,1,0,0,0,0,204,0,0,0,1,1,3,0,0,0,1,0,1263,0,0,1,0,tiktok,2026-03-17 11:56:48
1,0,0,0,0,0,43,0,1,0,0,0,0,204,0,0,0,1,2,3,0,0,1,1,0,1153,0,0,1,0,tiktok,2026-03-17 11:56:56
1,0,0,0,0,226,35,0,1,0,0,0,0,204,0,0,0,1,1,3,0,0,0,1,0,1399,0,0,1,0,tiktok,2026-03-17 11:57:08
1,0,0,0,0,1307,35,0,1,0,0,0,0,204,0,0,0,1,1,3,0,0,0,1,0,1250,0,0,1,0,tiktok,2026-03-17 11:57:28
1,0,0,0,0,0,43,0,1,0,0,0,0,204,0,0,0,1,2,3,0,0,1,1,0,1384,0,0,1,0,tiktok,2026-03-17 11:57:36
1,0,0,0,0,408,35,0,1,0,0,0,0,204,0,0,0,1,2,3,0,0,0,1,0,1436,0,0,1,0,tiktok,2026-03-17 11:57:38
1,0,0,0,0,226,35,0,1,0,0,0,0,204,0,0,0,1,1,3,0,0,0,1,0,1499,0,0,1,0,tiktok,2026-03-17 11:57:58
1,0,0,0,0,226,35,0,1,0,0,0,0,204,0,0,0,1,1,3,0,0,0,1,0,1305,0,0,1,0,tiktok,2026-03-17 11:58:08
1,0,0,0,0,0,43,0,1,0,0,0,0,204,0,0,0,1,2,3,0,0,1,1,0,1230,0,0,1,0,tiktok,2026-03-17 11:58:16
1,0,0,0,0,368,35,0,1,0,0,0,0,204,0,0,0,1,1,3,0,0,0,1,0,1393,0,0,1,0,tiktok,2026-03-17 11:58:38
1,0,0,0,0,0,43,0,1,0,0,0,0,204,0,0,0,1,1,3,0,0,1,1,0,1233,0,0,1,0,tiktok,2026-03-17 11:58:56
1,0,0,0,0,368,35,0,1,0,0,0,0,204,0,0,0,1,2,3,0,0,0,1,0,1404,0,0,1,0,tiktok,2026-03-17 11:58:58
1,0,0,0,0,659,35,0,1,0,0,0,0,204,0,0,0,1,1,3,0,0,0,1,0,1361,0,0,1,0,tiktok,2026-03-17 11:59:08
1,0,0,0,0,0,43,0,1,0,0,0,0,204,0,0,0,1,1,3,0,0,1,1,0,1260,0,0,1,0,tiktok,2026-03-17 11:59:36
1,0,0,0,0,769,35,0,1,0,0,0,0,204,0,0,0,1,1,3,0,0,0,1,0,1402,0,0,1,0,tiktok,2026-03-17 11:59:48
1,0,0,0,0,0,43,0,1,0,0,0,0,204,0,0,0,1,1,3,0,0,1,1,0,1258,0,0,1,0,tiktok,2026-03-17 12:00:16
1,0,0,0,0,226,35,0,1,0,0,0,0,204,0,0,0,1,2,3,0,0,0,1,0,1263,0,0,1,0,tiktok,2026-03-17 12:00:18
1,0,0,0,0,226,35,0,1,0,0,0,0,204,0,0,0,1,1,3,0,0,0,1,0,1263,0,0,1,0,tiktok,2026-03-17 12:00:48
1,0,0,0,0,0,43,0,1,0,0,0,0,204,0,0,0,1,2,3,0,0,1,1,0,1153,0,0,1,0,tiktok,2026-03-17 12:00:56
1,0,0,0,0,0,43,0,1,0,0,0,0,204,0,0,0,1,2,3,0,0,1,1,0,1160,0,0,1,0,tiktok,2026-03-17 12:01:01
1,0,0,0,0,226,35,0,1,0,0,0,0,204,0,0,0,1,3,3,0,0,0,1,0,1571,0,0,1,0,tiktok,2026-03-17 12:01:02
1,0,0,0,0,0,41,0,1,0,0,0,0,204,0,0,0,1,4,3,0,0,0,1,0,787,0,0,1,0,tiktok,2026-03-17 12:01:02
1,0,0,0,0,0,43,0,1,0,0,0,0,204,0,0,0,1,5,3,0,0,0,1,0,1639,0,0,1,0,tiktok,2026-03-17 12:01:02
1,0,0,0,0,0,32,0,1,0,0,0,0,204,0,0,0,1,6,1,0,0,0,0,0,226,0,0,1,0,tiktok,2026-03-17 12:01:02
1,0,0,0,0,0,43,0,1,0,0,0,0,204,0,0,0,1,7,3,0,0,1,1,0,1139,0,0,1,0,tiktok,2026-03-17 12:01:03
1,0,0,0,0,3526,46,0,1,0,0,0,0,204,0,0,0,1,8,3,0,0,0,1,0,1487,0,0,1,0,tiktok,2026-03-17 12:01:03
1,0,0,0,0,0,43,0,1,0,0,0,0,204,0,0,0,1,8,3,0,0,1,1,0,1145,0,0,1,0,tiktok,2026-03-17 12:01:08
1,0,0,0,0,226,35,0,1,0,0,0,0,204,0,0,0,1,9,3,0,0,0,1,0,1377,0,0,1,0,tiktok,2026-03-17 12:01:08
1,0,0,0,0,0,43,0,1,0,0,0,0,204,0,0,0,1,10,3,0,0,1,1,0,1127,0,0,1,0,tiktok,2026-03-17 12:01:08
1,0,0,0,0,0,43,0,1,0,0,0,0,204,0,0,0,1,11,3,0,0,1,1,0,1119,0,0,1,0,tiktok,2026-03-17 12:01:08
1,0,0,0,0,226,35,0,1,0,0,0,0,204,0,0,0,1,12,3,0,0,0,1,0,1572,0,0,1,0,tiktok,2026-03-17 12:01:08
1,0,0,0,0,226,35,0,1,0,0,0,0,204,0,0,0,1,1,3,0,0,0,1,0,1278,0,0,1,0,tiktok,2026-03-17 12:01:18
1,0,0,0,0,0,43,0,1,0,0,0,0,204,0,0,0,1,1,3,0,0,1,1,0,1139,0,0,1,0,tiktok,2026-03-17 12:01:48
1,0,0,0,0,226,35,0,1,0,0,0,0,204,0,0,0,1,2,3,0,0,0,1,0,1263,0,0,1,0,tiktok,2026-03-17 12:01:48
1,0,0,0,0,226,35,0,1,0,0,0,0,204,0,0,0,1,1,3,0,0,0,1,0,1269,0,0,1,0,tiktok,2026-03-17 12:02:28
1,0,0,0,0,0,43,0,1,0,0,0,0,204,0,0,0,1,2,3,0,0,1,1,0,1156,0,0,1,0,tiktok,2026-03-17 12:02:28
1,0,0,0,0,226,35,0,1,0,0,0,0,204,0,0,0,1,1,3,0,0,0,1,0,1271,0,0,1,0,tiktok,2026-03-17 12:02:58
1,0,0,0,0,620,35,0,1,0,0,0,0,204,0,0,0,1,1,3,0,0,0,1,0,1376,0,0,1,0,tiktok,2026-03-17 12:03:08
1,0,0,0,0,0,43,0,1,0,0,0,0,204,0,0,0,1,2,3,0,0,1,1,0,1244,0,0,1,0,tiktok,2026-03-17 12:03:08
1,0,0,0,0,382,35,0,1,0,0,0,0,204,0,0,0,1,3,3,0,0,0,1,0,1366,0,0,1,0,tiktok,2026-03-17 12:03:18
1,0,0,0,0,1388,35,0,1,0,0,0,0,204,0,0,0,1,2,3,0,0,0,1,0,1203,0,0,1,0,tiktok,2026-03-17 12:03:28
1,0,0,0,0,226,35,0,1,0,0,0,0,204,0,0,0,1,1,3,0,0,0,1,0,1364,0,0,1,0,tiktok,2026-03-17 12:03:49
1,0,0,0,0,0,43,0,1,0,0,0,0,204,0,0,0,1,2,3,0,0,1,1,0,1418,0,0,1,0,tiktok,2026-03-17 12:03:49
1,0,0,0,0,226,35,0,1,0,0,0,0,204,0,0,0,1,3,3,0,0,0,1,0,1417,0,0,1,0,tiktok,2026-03-17 12:03:58
1,0,0,0,0,226,35,0,1,0,0,0,0,204,0,0,0,1,1,3,0,0,0,1,0,1449,0,0,1,0,tiktok,2026-03-17 12:04:08
1,0,0,0,0,0,43,0,1,0,0,0,0,204,0,0,0,1,1,3,0,0,1,1,0,1217,0,0,1,0,tiktok,2026-03-17 12:04:28
1,0,0,0,0,226,35,0,1,0,0,0,0,204,0,0,0,1,1,3,0,0,0,1,0,1270,0,0,1,0,tiktok,2026-03-17 12:04:48
1,0,0,0,0,226,35,0,1,0,0,0,0,204,0,0,0,1,1,3,0,0,0,1,0,1357,0,0,1,0,tiktok,2026-03-17 12:05:08
1,0,0,0,0,0,43,0,1,0,0,0,0,204,0,0,0,1,2,3,0,0,1,1,0,1184,0,0,1,0,tiktok,2026-03-17 12:05:08
1,0,0,0,0,226,35,0,1,0,0,0,0,204,0,0,0,1,2,3,0,0,0,1,0,1420,0,0,1,0,tiktok,2026-03-17 12:05:18
1,0,0,0,0,0,43,0,1,0,0,0,0,204,0,0,0,1,1,3,0,0,1,1,0,1187,0,0,1,0,tiktok,2026-03-17 12:05:48
1,0,0,0,0,226,35,0,1,0,0,0,0,204,0,0,0,1,2,3,0,0,0,1,0,1271,0,0,1,0,tiktok,2026-03-17 12:05:58
1,0,0,0,0,226,35,0,1,0,0,0,0,204,0,0,0,1,1,3,0,0,0,1,0,1446,0,0,1,0,tiktok,2026-03-17 12:06:18
1,0,0,0,0,0,43,0,1,0,0,0,0,204,0,0,0,1,2,3,0,0,1,1,0,1296,0,0,1,0,tiktok,2026-03-17 12:06:28
1,0,0,0,0,777,35,0,1,0,0,0,0,204,0,0,0,1,2,3,0,0,0,1,0,1400,0,0,1,0,tiktok,2026-03-17 12:06:28
1,0,0,0,0,0,43,0,1,0,0,0,0,204,0,0,0,1,1,3,0,0,1,1,0,1150,0,0,1,0,tiktok,2026-03-17 12:06:41
1,0,0,0,0,226,35,0,1,0,0,0,0,204,0,0,0,1,2,3,0,0,0,1,0,1559,0,0,1,0,tiktok,2026-03-17 12:06:41
1,0,0,0,0,0,41,0,1,0,0,0,0,204,0,0,0,1,3,3,0,0,0,1,0,769,0,0,1,0,tiktok,2026-03-17 12:06:41
1,0,0,0,0,0,43,0,1,0,0,0,0,204,0,0,0,1,4,3,0,0,0,1,0,1632,0,0,1,0,tiktok,2026-03-17 12:06:41
1,0,0,0,0,0,32,0,1,0,0,0,0,204,0,0,0,1,5,1,0,0,0,0,0,226,0,0,1,0,tiktok,2026-03-17 12:06:41
1,0,0,0,0,3531,46,0,1,0,0,0,0,204,0,0,0,1,6,3,0,0,0,1,0,1478,0,0,1,0,tiktok,2026-03-17 12:06:42
1,0,0,0,0,226,35,0,1,0,0,0,0,204,0,0,0,1,7,3,0,0,0,1,0,1386,0,0,1,0,tiktok,2026-03-17 12:06:46
1,0,0,0,0,0,43,0,1,0,0,0,0,204,0,0,0,1,8,3,0,0,1,1,0,1128,0,0,1,0,tiktok,2026-03-17 12:06:46
1,0,0,0,0,226,35,0,1,0,0,0,0,204,0,0,0,1,9,3,0,0,0,1,0,1257,0,0,1,0,tiktok,2026-03-17 12:06:47
1,0,0,0,0,0,43,0,1,0,0,0,0,204,0,0,0,1,10,3,0,0,1,1,0,1132,0,0,1,0,tiktok,2026-03-17 12:06:47
1,0,0,0,0,0,43,0,1,0,0,0,0,204,0,0,0,1,11,3,0,0,1,1,0,1112,0,0,1,0,tiktok,2026-03-17 12:06:47
1,0,0,0,0,382,35,0,1,0,0,0,0,204,0,0,0,1,12,3,0,0,0,1,0,1478,0,0,1,0,tiktok,2026-03-17 12:06:48
1,0,0,0,0,226,35,0,1,0,0,0,0,204,0,0,0,1,2,3,0,0,0,1,0,1442,0,0,1,0,tiktok,2026-03-17 12:06:58
1,0,0,0,0,226,35,0,1,0,0,0,0,204,0,0,0,1,1,3,0,0,0,1,0,1420,0,0,1,0,tiktok,2026-03-17 12:07:08
1,0,0,0,0,0,43,0,1,0,0,0,0,204,0,0,0,1,1,3,0,0,1,1,0,1213,0,0,1,0,tiktok,2026-03-17 12:07:26
1,0,0,0,0,226,35,0,1,0,0,0,0,204,0,0,0,1,1,3,0,0,0,1,0,1270,0,0,1,0,tiktok,2026-03-17 12:07:38
1,0,0,0,0,1770,35,0,1,0,0,0,0,204,0,0,0,1,2,3,0,0,0,1,0,1153,0,0,1,0,tiktok,2026-03-17 12:07:48
1,0,0,0,0,382,35,0,1,0,0,0,0,204,0,0,0,1,1,3,0,0,0,1,0,1338,0,0,1,0,tiktok,2026-03-17 12:07:58
1,0,0,0,0,0,43,0,1,0,0,0,0,204,0,0,0,1,2,3,0,0,1,1,0,1384,0,0,1,0,tiktok,2026-03-17 12:08:06
1,0,0,0,0,226,35,0,1,0,0,0,0,204,0,0,0,1,1,3,0,0,0,1,0,1270,0,0,1,0,tiktok,2026-03-17 12:08:28
1,0,0,0,0,226,35,0,1,0,0,0,0,204,0,0,0,1,2,3,0,0,0,1,0,1420,0,0,1,0,tiktok,2026-03-17 12:08:38
1,0,0,0,0,0,43,0,1,0,0,0,0,204,0,0,0,1,2,3,0,0,1,1,0,1215,0,0,1,0,tiktok,2026-03-17 12:08:46
1,0,0,0,0,426,35,0,1,0,0,0,0,204,0,0,0,1,3,3,0,0,0,1,0,1545,0,0,1,0,tiktok,2026-03-17 12:08:48
1,0,0,0,0,703,35,0,1,0,0,0,0,204,0,0,0,1,1,3,0,0,0,1,0,1365,0,0,1,0,tiktok,2026-03-17 12:08:58
1,0,0,0,0,0,43,0,1,0,0,0,0,204,0,0,0,1,1,3,0,0,1,1,0,1307,0,0,1,0,tiktok,2026-03-17 12:09:26
1,0,0,0,0,226,35,0,1,0,0,0,0,204,0,0,0,1,2,3,0,0,0,1,0,1270,0,0,1,0,tiktok,2026-03-17 12:09:28
1,0,0,0,0,1268,35,0,1,0,0,0,0,204,0,0,0,1,2,3,0,0,0,1,0,1257,0,0,1,0,tiktok,2026-03-17 12:09:38
1,0,0,0,0,1122,35,0,1,0,0,0,0,204,0,0,0,1,2,3,0,0,0,1,0,1353,0,0,1,0,tiktok,2026-03-17 12:09:48
1,0,0,0,0,360,35,0,1,0,0,0,0,204,0,0,0,1,1,3,0,0,0,1,0,1326,0,0,1,0,tiktok,2026-03-17 12:09:58
1,0,0,0,0,0,43,0,1,0,0,0,0,204,0,0,0,1,2,3,0,0,1,1,0,1461,0,0,1,0,tiktok,2026-03-17 12:10:06
1,0,0,0,0,226,35,0,1,0,0,0,0,204,0,0,0,1,2,3,0,0,0,1,0,1419,0,0,1,0,tiktok,2026-03-17 12:10:08
1,0,0,0,0,226,35,0,1,0,0,0,0,204,0,0,0,1,1,3,0,0,0,1,0,1270,0,0,1,0,tiktok,2026-03-17 12:10:38
1,0,0,0,0,0,43,0,1,0,0,0,0,204,0,0,0,1,2,3,0,0,1,1,0,1224,0,0,1,0,tiktok,2026-03-17 12:10:46
1,0,0,0,0,694,35,0,1,0,0,0,0,204,0,0,0,1,2,3,0,0,0,1,0,1350,0,0,1,0,tiktok,2026-03-17 12:10:49
1,0,0,0,0,0,43,0,1,0,0,0,0,204,0,0,0,1,1,3,0,0,1,1,0,1143,0,0,1,0,tiktok,2026-03-17 12:11:26
1,0,0,0,0,226,35,0,1,0,0,0,0,204,0,0,0,1,2,3,0,0,0,1,0,1270,0,0,1,0,tiktok,2026-03-17 12:11:28
1,0,0,0,0,226,35,0,1,0,0,0,0,204,0,0,0,1,1,3,0,0,0,1,0,1443,0,0,1,0,tiktok,2026-03-17 12:11:58
1,0,0,0,0,0,43,0,1,0,0,0,0,204,0,0,0,1,2,3,0,0,1,1,0,1196,0,0,1,0,tiktok,2026-03-17 12:11:59
1,0,0,0,0,226,35,0,1,0,0,0,0,204,0,0,0,1,3,3,0,0,0,1,0,1656,0,0,1,0,tiktok,2026-03-17 12:11:59
1,0,0,0,0,0,41,0,1,0,0,0,0,204,0,0,0,1,4,3,0,0,0,1,0,770,0,0,1,0,tiktok,2026-03-17 12:11:59
1,0,0,0,0,0,32,0,1,0,0,0,0,204,0,0,0,1,5,1,0,0,0,0,0,226,0,0,1,0,tiktok,2026-03-17 12:11:59
1,0,0,0,0,0,43,0,1,0,0,0,0,204,0,0,0,1,6,3,0,0,0,1,0,1633,0,0,1,0,tiktok,2026-03-17 12:11:59
1,0,0,0,0,3532,46,0,1,0,0,0,0,204,0,0,0,1,7,3,0,0,0,1,0,1480,0,0,1,0,tiktok,2026-03-17 12:12:00
1,0,0,0,0,0,43,0,1,0,0,0,0,204,0,0,0,1,8,3,0,0,1,1,0,1128,0,0,1,0,tiktok,2026-03-17 12:12:05
1,0,0,0,0,0,43,0,1,0,0,0,0,204,0,0,0,1,9,3,0,0,1,1,0,1133,0,0,1,0,tiktok,2026-03-17 12:12:05
1,0,0,0,0,226,35,0,1,0,0,0,0,204,0,0,0,1,10,3,0,0,0,1,0,1376,0,0,1,0,tiktok,2026-03-17 12:12:05
1,0,0,0,0,0,43,0,1,0,0,0,0,204,0,0,0,1,11,3,0,0,1,1,0,1118,0,0,1,0,tiktok,2026-03-17 12:12:05
1,0,0,0,0,0,43,0,1,0,0,0,0,204,0,0,0,1,12,3,0,0,1,1,0,1110,0,0,1,0,tiktok,2026-03-17 12:12:05
1,0,0,0,0,426,35,0,1,0,0,0,0,204,0,0,0,1,13,3,0,0,0,1,0,1591,0,0,1,0,tiktok,2026-03-17 12:12:08
1,0,0,0,0,226,35,0,1,0,0,0,0,204,0,0,0,1,1,3,0,0,0,1,0,1270,0,0,1,0,tiktok,2026-03-17 12:12:38
1,0,0,0,0,0,43,0,1,0,0,0,0,204,0,0,0,1,2,3,0,0,1,1,0,1128,0,0,1,0,tiktok,2026-03-17 12:12:45
1,0,0,0,0,226,35,0,1,0,0,0,0,204,0,0,0,1,1,3,0,0,0,1,0,1270,0,0,1,0,tiktok,2026-03-17 12:13:08
1,0,0,0,0,951,35,0,1,0,0,0,0,204,0,0,0,1,1,3,0,0,0,1,0,1331,0,0,1,0,tiktok,2026-03-17 12:13:18
1,0,0,0,0,0,43,0,1,0,0,0,0,204,0,0,0,1,2,3,0,0,1,1,0,1279,0,0,1,0,tiktok,2026-03-17 12:13:25
1,0,0,0,0,718,35,0,1,0,0,0,0,204,0,0,0,1,1,3,0,0,0,1,0,1399,0,0,1,0,tiktok,2026-03-17 12:13:38
1,0,0,0,0,226,35,0,1,0,0,0,0,204,0,0,0,1,2,3,0,0,0,1,0,1268,0,0,1,0,tiktok,2026-03-17 12:13:42
1,0,0,0,0,0,43,0,1,0,0,0,0,204,0,0,0,1,3,3,0,0,1,1,0,1247,0,0,1,0,tiktok,2026-03-17 12:13:42
1,0,0,0,0,226,35,0,1,0,0,0,0,204,0,0,0,1,4,3,0,0,0,1,0,1519,0,0,1,0,tiktok,2026-03-17 12:13:43
1,0,0,0,0,0,43,0,1,0,0,0,0,204,0,0,0,1,5,3,0,0,0,1,0,1534,0,0,1,0,tiktok,2026-03-17 12:13:44
1,0,0,0,0,0,32,0,1,0,0,0,0,204,0,0,0,1,6,1,0,0,0,0,0,244,0,0,1,0,tiktok,2026-03-17 12:13:44
1,0,0,0,0,3531,46,0,1,0,0,0,0,204,0,0,0,1,7,3,0,0,0,1,0,1389,0,0,1,0,tiktok,2026-03-17 12:13:45
1,0,0,0,0,0,43,0,1,0,0,0,0,204,0,0,0,1,7,3,0,0,1,1,0,1137,0,0,1,0,tiktok,2026-03-17 12:13:50
1,0,0,0,0,226,35,0,1,0,0,0,0,204,0,0,0,1,6,3,0,0,0,1,0,1483,0,0,1,0,tiktok,2026-03-17 12:13:53
1,0,0,0,0,0,43,0,1,0,0,0,0,204,0,0,0,1,2,3,0,0,1,1,0,1124,0,0,1,0,tiktok,2026-03-17 12:14:00
1,0,0,0,0,0,43,0,1,0,0,0,0,204,0,0,0,1,2,3,0,0,1,1,0,1125,0,0,1,0,tiktok,2026-03-17 12:14:10
1,0,0,0,0,0,32,0,1,0,0,0,0,200,1171945,0,0,1,2,2,1,0,0,0,0,15,1,0,5,0,tiktok,2026-03-17 12:14:17
1,0,0,0,0,226,35,0,1,0,0,0,0,204,0,0,0,1,3,3,0,0,0,1,0,1432,1,0,1,0,tiktok,2026-03-17 12:14:19
1,0,0,0,0,671,35,0,1,0,0,0,0,204,0,0,0,1,3,3,0,0,0,1,0,1444,0,0,1,0,tiktok,2026-03-17 12:14:23
1,0,0,0,0,0,15,0,1,0,0,0,0,200,670847,0,0,1,4,1,0,0,0,0,0,15,0,0,4,0,tiktok,2026-03-17 12:14:24
1,0,0,0,0,0,43,0,1,0,0,0,0,204,0,0,0,1,5,3,0,0,0,1,0,1480,1,0,1,0,tiktok,2026-03-17 12:14:25
1,0,0,0,0,0,32,0,1,0,0,0,0,204,0,0,0,1,6,1,0,0,0,0,0,244,0,0,1,0,tiktok,2026-03-17 12:14:25
1,0,0,0,0,0,43,0,1,0,0,0,0,204,0,0,0,1,7,3,0,0,1,1,0,1095,0,0,1,0,tiktok,2026-03-17 12:14:25
1,0,0,0,0,2511,46,0,1,0,0,0,0,204,0,0,0,1,8,3,0,0,0,1,0,1430,1,0,1,0,tiktok,2026-03-17 12:14:26
1,0,0,0,0,0,43,0,1,0,0,0,0,204,0,0,0,1,9,3,0,0,1,1,0,1100,0,0,1,0,tiktok,2026-03-17 12:14:26
1,0,0,0,0,0,43,0,1,0,0,0,0,204,0,0,0,1,10,3,0,0,1,1,0,1087,0,0,1,0,tiktok,2026-03-17 12:14:26
1,0,0,0,0,226,35,0,1,0,0,0,0,204,0,0,0,1,10,3,0,0,0,1,0,1399,1,0,1,0,tiktok,2026-03-17 12:14:28
1,0,0,0,0,0,43,0,1,0,0,0,0,204,0,0,0,1,10,3,0,0,1,1,0,1055,1,0,1,0,tiktok,2026-03-17 12:14:33
1,0,0,0,0,226,35,0,1,0,0,0,0,204,0,0,0,1,10,3,0,0,0,1,0,1379,0,0,1,0,tiktok,2026-03-17 12:14:33
1,0,0,0,0,0,43,0,1,0,0,0,0,204,0,0,0,1,3,3,0,0,1,1,0,1047,1,0,1,0,tiktok,2026-03-17 12:14:43
1,0,0,0,0,0,43,0,1,0,0,0,0,204,0,0,0,1,2,3,0,0,1,1,0,1239,0,0,1,0,tiktok,2026-03-17 12:14:48
1,0,0,0,0,0,43,0,1,0,0,0,0,204,0,0,0,1,2,3,0,0,1,1,0,1079,1,0,1,0,tiktok,2026-03-17 12:14:53
1,0,0,0,0,0,43,0,1,0,0,0,0,204,0,0,0,1,3,3,0,0,1,1,0,1023,1,0,1,0,tiktok,2026-03-17 12:14:55
1,0,0,0,0,364,35,0,1,0,0,0,0,204,0,0,0,1,4,3,0,0,0,1,0,1197,1,0,1,0,tiktok,2026-03-17 12:14:55
1,0,0,0,0,0,43,0,1,0,0,0,0,204,0,0,0,1,5,3,0,0,1,1,0,1001,1,0,1,0,tiktok,2026-03-17 12:14:55
1,0,0,0,0,226,35,0,1,0,0,0,0,204,0,0,0,1,6,3,0,0,0,1,0,1521,1,0,1,0,tiktok,2026-03-17 12:14:55
1,0,0,0,0,0,43,0,1,0,0,0,0,204,0,0,0,1,7,3,0,0,0,1,0,1579,1,0,1,0,tiktok,2026-03-17 12:14:55
1,0,0,0,0,0,32,0,1,0,0,0,0,204,0,0,0,1,8,1,0,0,0,0,0,244,0,0,1,0,tiktok,2026-03-17 12:14:55
1,0,0,0,0,2620,46,0,1,0,0,0,0,204,0,0,0,1,9,3,0,0,0,1,0,1430,1,0,1,0,tiktok,2026-03-17 12:14:56
1,0,0,0,0,226,35,0,1,0,0,0,0,204,0,0,0,1,10,3,0,0,0,1,0,1586,1,0,1,0,tiktok,2026-03-17 12:14:57
1,0,0,0,0,0,43,0,1,0,0,0,0,204,0,0,0,1,9,3,0,0,1,1,0,1152,1,0,1,0,tiktok,2026-03-17 12:15:04
1,0,0,0,0,226,35,0,1,0,0,0,0,204,0,0,0,1,8,3,0,0,0,1,0,1377,1,0,1,0,tiktok,2026-03-17 12:15:05
1,0,0,0,0,0,43,0,1,0,0,0,0,204,0,0,0,1,2,3,0,0,1,1,0,1164,1,0,1,0,tiktok,2026-03-17 12:15:14
1,0,0,0,0,0,43,0,1,0,0,0,0,204,0,0,0,1,1,3,0,0,1,1,0,1166,1,0,1,0,tiktok,2026-03-17 12:15:24
1,0,0,0,0,0,43,0,1,0,0,0,0,204,0,0,0,1,2,3,0,0,1,1,0,1123,0,0,1,0,tiktok,2026-03-17 12:15:29
1,0,0,0,0,226,35,0,1,0,0,0,0,204,0,0,0,1,2,3,0,0,0,1,0,1263,1,0,1,0,tiktok,2026-03-17 12:15:35
1,0,0,0,0,0,43,0,1,0,0,0,0,204,0,0,0,1,1,3,0,0,1,1,0,1166,1,0,1,0,tiktok,2026-03-17 12:15:50
1,0,0,0,0,226,35,0,1,0,0,0,0,204,0,0,0,1,1,3,0,0,0,1,0,1264,1,0,1,0,tiktok,2026-03-17 12:16:05
1,0,0,0,0,0,43,0,1,0,0,0,0,204,0,0,0,1,1,3,0,0,1,1,0,1167,1,0,1,0,tiktok,2026-03-17 12:16:30
1,0,0,0,0,226,35,0,1,0,0,0,0,204,0,0,0,1,2,3,0,0,0,1,0,1236,1,0,1,0,tiktok,2026-03-17 12:16:35
1,0,0,0,0,0,43,0,1,0,0,0,0,204,0,0,0,1,2,3,0,0,1,1,0,1176,1,0,1,0,tiktok,2026-03-17 12:16:41
1,0,0,0,0,226,35,0,1,0,0,0,0,204,0,0,0,1,3,3,0,0,0,1,0,1262,1,0,1,0,tiktok,2026-03-17 12:16:41
1,0,0,0,0,0,43,0,1,0,0,0,0,204,0,0,0,1,4,3,0,0,1,1,0,1138,1,0,1,0,tiktok,2026-03-17 12:16:41
1,0,0,0,0,0,32,0,1,0,0,0,0,204,0,0,0,1,5,1,0,0,0,0,0,244,0,0,1,0,tiktok,2026-03-17 12:16:41
1,0,0,0,0,0,43,0,1,0,0,0,0,204,0,0,0,1,6,3,0,0,0,1,0,1693,1,0,1,0,tiktok,2026-03-17 12:16:41
1,0,0,0,0,2680,46,0,1,0,0,0,0,204,0,0,0,1,7,3,0,0,0,1,0,1451,1,0,1,0,tiktok,2026-03-17 12:16:42
1,0,0,0,0,0,43,0,1,0,0,0,0,204,0,0,0,1,8,3,0,0,1,1,0,1212,1,0,1,0,tiktok,2026-03-17 12:16:42
1,0,0,0,0,226,35,0,1,0,0,0,0,204,0,0,0,1,9,3,0,0,0,1,0,1495,1,0,1,0,tiktok,2026-03-17 12:16:42
1,0,0,0,0,0,43,0,1,0,0,0,0,204,0,0,0,1,10,3,0,0,1,1,0,1198,1,0,1,0,tiktok,2026-03-17 12:16:42
1,0,0,0,0,226,35,0,1,0,0,0,0,204,0,0,0,1,11,3,0,0,0,1,0,1571,1,0,1,0,tiktok,2026-03-17 12:16:42
1,0,0,0,0,0,43,0,1,0,0,0,0,204,0,0,0,1,12,3,0,0,0,1,0,1577,1,0,1,0,tiktok,2026-03-17 12:16:42
1,0,0,0,0,0,32,0,1,0,0,0,0,204,0,0,0,1,13,1,0,0,0,0,0,244,0,0,1,0,tiktok,2026-03-17 12:16:42
1,0,0,0,0,2687,46,0,1,0,0,0,0,204,0,0,0,1,14,3,0,0,0,1,0,1428,1,0,1,0,tiktok,2026-03-17 12:16:43
1,0,0,0,0,226,35,0,1,0,0,0,0,204,0,0,0,1,15,3,0,0,0,1,0,1498,1,0,1,0,tiktok,2026-03-17 12:16:44
1,0,0,0,0,226,35,0,1,0,0,0,0,204,0,0,0,1,15,3,0,0,0,1,0,1451,1,0,1,0,tiktok,2026-03-17 12:16:48
1,0,0,0,0,0,43,0,1,0,0,0,0,204,0,0,0,1,16,3,0,0,1,1,0,1152,1,0,1,0,tiktok,2026-03-17 12:16:49
1,0,0,0,0,0,43,0,1,0,0,0,0,204,0,0,0,1,2,3,0,0,1,1,0,1162,1,0,1,0,tiktok,2026-03-17 12:16:59
1,0,0,0,0,0,43,0,1,0,0,0,0,204,0,0,0,1,1,3,0,0,1,1,0,1164,1,0,1,0,tiktok,2026-03-17 12:17:09
1,0,0,0,0,0,43,0,1,0,0,0,0,204,0,0,0,1,2,3,0,0,1,1,0,1167,1,0,1,0,tiktok,2026-03-17 12:17:18
1,0,0,0,0,226,35,0,1,0,0,0,0,204,0,0,0,1,3,3,0,0,0,1,0,1285,1,0,1,0,tiktok,2026-03-17 12:17:18
1,0,0,0,0,0,43,0,1,0,0,0,0,204,0,0,0,1,4,3,0,0,1,1,0,1131,1,0,1,0,tiktok,2026-03-17 12:17:18
1,0,0,0,0,0,43,0,1,0,0,0,0,204,0,0,0,1,5,3,0,0,0,1,0,1581,1,0,1,0,tiktok,2026-03-17 12:17:19
1,0,0,0,0,0,32,0,1,0,0,0,0,204,0,0,0,1,6,1,0,0,0,0,0,173,0,0,1,0,tiktok,2026-03-17 12:17:19
1,0,0,0,0,2812,46,0,1,0,0,0,0,204,0,0,0,1,6,3,0,0,0,1,0,1429,1,0,1,0,tiktok,2026-03-17 12:17:20
1,0,0,0,0,226,35,0,1,0,0,0,0,204,0,0,0,1,7,3,0,0,0,1,0,1525,1,0,1,0,tiktok,2026-03-17 12:17:20
1,0,0,0,0,226,35,0,1,0,0,0,0,204,0,0,0,1,8,3,0,0,0,1,0,1443,1,0,1,0,tiktok,2026-03-17 12:17:24
1,0,0,0,0,0,43,0,1,0,0,0,0,204,0,0,0,1,4,3,0,0,1,1,0,1156,1,0,1,0,tiktok,2026-03-17 12:17:29
1,0,0,0,0,226,35,0,1,0,0,0,0,204,0,0,0,1,4,3,0,0,0,1,0,1382,1,0,1,0,tiktok,2026-03-17 12:17:30
1,0,0,0,0,0,43,0,1,0,0,0,0,204,0,0,0,1,3,3,0,0,1,1,0,1163,1,0,1,0,tiktok,2026-03-17 12:17:39
1,0,0,0,0,0,43,0,1,0,0,0,0,204,0,0,0,1,2,3,0,0,1,1,0,1164,1,0,1,0,tiktok,2026-03-17 12:17:49
1,0,0,0,0,226,35,0,1,0,0,0,0,204,0,0,0,1,2,3,0,0,0,1,0,1263,1,0,1,0,tiktok,2026-03-17 12:17:54
1,0,0,0,0,0,43,0,1,0,0,0,0,204,0,0,0,1,1,3,0,0,1,1,0,1165,1,0,1,0,tiktok,2026-03-17 12:18:11
1,0,0,0,0,0,43,0,1,0,0,0,0,204,0,0,0,1,1,3,0,0,1,1,0,1133,1,0,1,0,tiktok,2026-03-17 12:18:23
1,0,0,0,0,226,35,0,1,0,0,0,0,204,0,0,0,1,2,3,0,0,0,1,0,1286,1,0,1,0,tiktok,2026-03-17 12:18:23
1,0,0,0,0,0,43,0,1,0,0,0,0,204,0,0,0,1,3,3,0,0,1,1,0,1170,1,0,1,0,tiktok,2026-03-17 12:18:23
1,0,0,0,0,0,32,0,1,0,0,0,0,204,0,0,0,1,4,1,0,0,0,0,0,210,0,0,1,0,tiktok,2026-03-17 12:18:23
1,0,0,0,0,0,43,0,1,0,0,0,0,204,0,0,0,1,5,3,0,0,0,1,0,1998,1,0,1,0,tiktok,2026-03-17 12:18:23
1,0,0,0,0,3018,46,0,1,0,0,0,0,204,0,0,0,1,6,3,0,0,0,1,0,1754,1,0,1,0,tiktok,2026-03-17 12:18:25
1,0,0,0,0,0,43,0,1,0,0,0,0,204,0,0,0,1,7,3,0,0,1,1,0,1516,1,0,1,0,tiktok,2026-03-17 12:18:25
1,0,0,0,0,226,35,0,1,0,0,0,0,204,0,0,0,1,8,3,0,0,0,1,0,1496,1,0,1,0,tiktok,2026-03-17 12:18:25
1,0,0,0,0,0,43,0,1,0,0,0,0,204,0,0,0,1,9,3,0,0,1,1,0,1520,1,0,1,0,tiktok,2026-03-17 12:18:26
1,0,0,0,0,226,35,0,1,0,0,0,0,204,0,0,0,1,10,3,0,0,0,1,0,1499,1,0,1,0,tiktok,2026-03-17 12:18:26
1,0,0,0,0,0,43,0,1,0,0,0,0,204,0,0,0,1,11,3,0,0,1,1,0,1504,1,0,1,0,tiktok,2026-03-17 12:18:26
1,0,0,0,0,0,32,0,1,0,0,0,0,204,0,0,0,1,12,1,0,0,0,0,0,173,0,0,1,0,tiktok,2026-03-17 12:18:26
1,0,0,0,0,0,43,0,1,0,0,0,0,204,0,0,0,1,13,3,0,0,0,1,0,1579,1,0,1,0,tiktok,2026-03-17 12:18:26
1,0,0,0,0,3024,46,0,1,0,0,0,0,204,0,0,0,1,14,3,0,0,0,1,0,1429,1,0,1,0,tiktok,2026-03-17 12:18:27
1,0,0,0,0,226,35,0,1,0,0,0,0,204,0,0,0,1,15,3,0,0,0,1,0,1498,1,0,1,0,tiktok,2026-03-17 12:18:28
1,0,0,0,0,0,43,0,1,0,0,0,0,204,0,0,0,1,16,3,0,0,1,1,0,1139,1,0,1,0,tiktok,2026-03-17 12:18:29
1,0,0,0,0,226,35,0,1,0,0,0,0,204,0,0,0,1,11,3,0,0,0,1,0,1436,1,0,1,0,tiktok,2026-03-17 12:18:35
1,0,0,0,0,0,43,0,1,0,0,0,0,204,0,0,0,1,3,3,0,0,1,1,0,1178,1,0,1,0,tiktok,2026-03-17 12:18:39
1,0,0,0,0,0,43,0,1,0,0,0,0,204,0,0,0,1,1,3,0,0,1,1,0,1165,1,0,1,0,tiktok,2026-03-17 12:18:49
1,0,0,0,0,714,8,0,0,0,0,0,0,204,0,0,0,1,1,1,0,0,0,0,0,996,0,0,1,0,tiktok,2026-03-17 12:19:02
1,0,0,0,0,226,35,0,1,0,0,0,0,204,0,0,0,1,2,3,0,0,0,1,0,1263,1,0,1,0,tiktok,2026-03-17 12:19:05
1,0,0,0,0,226,35,0,1,0,0,0,0,204,0,0,0,1,1,3,0,0,0,1,0,1264,1,0,1,0,tiktok,2026-03-17 12:19:35
1,0,0,0,0,0,43,0,1,0,0,0,0,204,0,0,0,1,2,3,0,0,1,1,0,1166,1,0,1,0,tiktok,2026-03-17 12:19:35
1,0,0,0,0,226,35,0,1,0,0,0,0,204,0,0,0,1,1,3,0,0,0,1,0,1237,1,0,1,0,tiktok,2026-03-17 12:20:15
1,0,0,0,0,0,43,0,1,0,0,0,0,204,0,0,0,1,2,3,0,0,1,1,0,1170,1,0,1,0,tiktok,2026-03-17 12:20:15
1,0,0,0,0,0,43,0,1,0,0,0,0,204,0,0,0,1,1,3,0,0,1,1,0,1175,1,0,1,0,tiktok,2026-03-17 12:20:32
1,0,0,0,0,226,35,0,1,0,0,0,0,204,0,0,0,1,2,3,0,0,0,1,0,1262,1,0,1,0,tiktok,2026-03-17 12:20:32
1,0,0,0,0,0,43,0,1,0,0,0,0,204,0,0,0,1,3,3,0,0,1,1,0,1136,1,0,1,0,tiktok,2026-03-17 12:20:32
1,0,0,0,0,0,43,0,1,0,0,0,0,204,0,0,0,1,4,3,0,0,0,1,0,1582,1,0,1,0,tiktok,2026-03-17 12:20:32
1,0,0,0,0,0,32,0,1,0,0,0,0,204,0,0,0,1,5,1,0,0,0,0,0,244,0,0,1,0,tiktok,2026-03-17 12:20:32
1,0,0,0,0,3364,46,0,1,0,0,0,0,204,0,0,0,1,6,3,0,0,0,1,0,1431,1,0,1,0,tiktok,2026-03-17 12:20:33
1,0,0,0,0,226,35,0,1,0,0,0,0,204,0,0,0,1,7,3,0,0,0,1,0,1496,1,0,1,0,tiktok,2026-03-17 12:20:34
1,0,0,0,0,226,35,0,1,0,0,0,0,204,0,0,0,1,8,3,0,0,0,1,0,1461,1,0,1,0,tiktok,2026-03-17 12:20:37
1,0,0,0,0,0,43,0,1,0,0,0,0,204,0,0,0,1,9,3,0,0,1,1,0,1156,1,0,1,0,tiktok,2026-03-17 12:20:37
1,0,0,0,0,0,43,0,1,0,0,0,0,204,0,0,0,1,3,3,0,0,1,1,0,1165,1,0,1,0,tiktok,2026-03-17 12:20:47
1,0,0,0,0,0,43,0,1,0,0,0,0,204,0,0,0,1,2,3,0,0,1,1,0,1167,1,0,1,0,tiktok,2026-03-17 12:20:57
1,0,0,0,0,226,35,0,1,0,0,0,0,204,0,0,0,1,1,3,0,0,0,1,0,1269,1,0,1,0,tiktok,2026-03-17 12:21:17
1,0,0,0,0,0,43,0,1,0,0,0,0,204,0,0,0,1,2,3,0,0,1,1,0,1200,1,0,1,0,tiktok,2026-03-17 12:21:20
1,0,0,0,0,226,35,0,1,0,0,0,0,204,0,0,0,1,3,3,0,0,0,1,0,1395,1,0,1,0,tiktok,2026-03-17 12:21:20
1,0,0,0,0,0,43,0,1,0,0,0,0,204,0,0,0,1,4,3,0,0,1,1,0,1128,1,0,1,0,tiktok,2026-03-17 12:21:20
1,0,0,0,0,0,43,0,1,0,0,0,0,204,0,0,0,1,5,3,0,0,0,1,0,1583,1,0,1,0,tiktok,2026-03-17 12:21:20
1,0,0,0,0,0,32,0,1,0,0,0,0,204,0,0,0,1,6,1,0,0,0,0,0,173,0,0,1,0,tiktok,2026-03-17 12:21:20
1,0,0,0,0,3372,46,0,1,0,0,0,0,204,0,0,0,1,7,3,0,0,0,1,0,1434,1,0,1,0,tiktok,2026-03-17 12:21:21
1,0,0,0,0,226,35,0,1,0,0,0,0,204,0,0,0,1,8,3,0,0,0,1,0,1495,1,0,1,0,tiktok,2026-03-17 12:21:22
1,0,0,0,0,226,35,0,1,0,0,0,0,204,0,0,0,1,9,3,0,0,0,1,0,1443,1,0,1,0,tiktok,2026-03-17 12:21:24
1,0,0,0,0,0,43,0,1,0,0,0,0,204,0,0,0,1,10,3,0,0,1,1,0,1159,1,0,1,0,tiktok,2026-03-17 12:21:25
1,0,0,0,0,0,43,0,1,0,0,0,0,204,0,0,0,1,2,3,0,0,1,1,0,1168,1,0,1,0,tiktok,2026-03-17 12:21:35
1,0,0,0,0,0,43,0,1,0,0,0,0,204,0,0,0,1,2,3,0,0,1,1,0,1172,1,0,1,0,tiktok,2026-03-17 12:21:35
1,0,0,0,0,226,35,0,1,0,0,0,0,204,0,0,0,1,3,3,0,0,0,1,0,1285,1,0,1,0,tiktok,2026-03-17 12:21:35
1,0,0,0,0,0,43,0,1,0,0,0,0,204,0,0,0,1,4,3,0,0,1,1,0,1136,1,0,1,0,tiktok,2026-03-17 12:21:35
1,0,0,0,0,0,43,0,1,0,0,0,0,204,0,0,0,1,5,3,0,0,0,1,0,1584,1,0,1,0,tiktok,2026-03-17 12:21:35
1,0,0,0,0,0,32,0,1,0,0,0,0,204,0,0,0,1,6,1,0,0,0,0,0,210,0,0,1,0,tiktok,2026-03-17 12:21:35
1,0,0,0,0,3378,46,0,1,0,0,0,0,204,0,0,0,1,7,3,0,0,0,1,0,1434,1,0,1,0,tiktok,2026-03-17 12:21:36
1,0,0,0,0,226,35,0,1,0,0,0,0,204,0,0,0,1,8,3,0,0,0,1,0,1608,1,0,1,0,tiktok,2026-03-17 12:21:37
1,0,0,0,0,0,43,0,1,0,0,0,0,204,0,0,0,1,9,3,0,0,1,1,0,1159,1,0,1,0,tiktok,2026-03-17 12:21:39
1,0,0,0,0,226,35,0,1,0,0,0,0,204,0,0,0,1,10,3,0,0,0,1,0,1447,1,0,1,0,tiktok,2026-03-17 12:21:41
1,0,0,0,0,0,43,0,1,0,0,0,0,204,0,0,0,1,3,3,0,0,1,1,0,1169,1,0,1,0,tiktok,2026-03-17 12:21:49
1,0,0,0,0,0,43,0,1,0,0,0,0,204,0,0,0,1,4,3,0,0,1,1,0,1136,1,0,1,0,tiktok,2026-03-17 12:21:49
1,0,0,0,0,226,35,0,1,0,0,0,0,204,0,0,0,1,5,3,0,0,0,1,0,1285,1,0,1,0,tiktok,2026-03-17 12:21:49
1,0,0,0,0,0,43,0,1,0,0,0,0,204,0,0,0,1,6,3,0,0,0,1,0,1693,1,0,1,0,tiktok,2026-03-17 12:21:49
1,0,0,0,0,0,32,0,1,0,0,0,0,204,0,0,0,1,7,1,0,0,0,0,0,173,0,0,1,0,tiktok,2026-03-17 12:21:49
1,0,0,0,0,3384,46,0,1,0,0,0,0,204,0,0,0,1,7,3,0,0,0,1,0,1448,1,0,1,0,tiktok,2026-03-17 12:21:50
1,0,0,0,0,226,35,0,1,0,0,0,0,204,0,0,0,1,8,3,0,0,0,1,0,1500,1,0,1,0,tiktok,2026-03-17 12:21:51
1,0,0,0,0,0,43,0,1,0,0,0,0,204,0,0,0,1,8,3,0,0,1,1,0,1210,1,0,1,0,tiktok,2026-03-17 12:21:53
1,0,0,0,0,226,35,0,1,0,0,0,0,204,0,0,0,1,9,3,0,0,0,1,0,1499,1,0,1,0,tiktok,2026-03-17 12:21:53
1,0,0,0,0,0,43,0,1,0,0,0,0,204,0,0,0,1,10,3,0,0,1,1,0,1197,1,0,1,0,tiktok,2026-03-17 12:21:53
1,0,0,0,0,0,43,0,1,0,0,0,0,204,0,0,0,1,11,3,0,0,0,1,0,1578,1,0,1,0,tiktok,2026-03-17 12:21:53
1,0,0,0,0,0,32,0,1,0,0,0,0,204,0,0,0,1,12,1,0,0,0,0,0,244,0,0,1,0,tiktok,2026-03-17 12:21:53
1,0,0,0,0,3391,46,0,1,0,0,0,0,204,0,0,0,1,13,3,0,0,0,1,0,1429,1,0,1,0,tiktok,2026-03-17 12:21:54
1,0,0,0,0,226,35,0,1,0,0,0,0,204,0,0,0,1,14,3,0,0,0,1,0,1494,1,0,1,0,tiktok,2026-03-17 12:21:54
1,0,0,0,0,0,43,0,1,0,0,0,0,204,0,0,0,1,15,3,0,0,1,1,0,1137,1,0,1,0,tiktok,2026-03-17 12:21:56
1,0,0,0,0,226,35,0,1,0,0,0,0,204,0,0,0,1,10,3,0,0,0,1,0,1436,1,0,1,0,tiktok,2026-03-17 12:22:01
1,0,0,0,0,0,43,0,1,0,0,0,0,204,0,0,0,1,3,3,0,0,1,1,0,1177,1,0,1,0,tiktok,2026-03-17 12:22:06
1,0,0,0,0,0,43,0,1,0,0,0,0,204,0,0,0,1,2,3,0,0,1,1,0,1163,1,0,1,0,tiktok,2026-03-17 12:22:16
1,0,0,0,0,226,35,0,1,0,0,0,0,204,0,0,0,1,1,3,0,0,0,1,0,1263,1,0,1,0,tiktok,2026-03-17 12:22:31
1,0,0,0,0,226,35,0,1,0,0,0,0,204,0,0,0,1,1,3,0,0,0,1,0,1230,1,0,1,0,tiktok,2026-03-17 12:23:01
1,0,0,0,0,0,43,0,1,0,0,0,0,204,0,0,0,1,2,3,0,0,1,1,0,1164,1,0,1,0,tiktok,2026-03-17 12:23:03
1,0,0,0,0,0,43,0,1,0,0,0,0,204,0,0,0,1,1,3,0,0,1,1,0,1166,1,0,1,0,tiktok,2026-03-17 12:23:20
1,0,0,0,0,226,35,0,1,0,0,0,0,204,0,0,0,1,2,3,0,0,0,1,0,1253,1,0,1,0,tiktok,2026-03-17 12:23:20
1,0,0,0,0,0,43,0,1,0,0,0,0,204,0,0,0,1,3,3,0,0,1,1,0,1130,1,0,1,0,tiktok,2026-03-17 12:23:20
1,0,0,0,0,0,43,0,1,0,0,0,0,204,0,0,0,1,4,3,0,0,0,1,0,1578,1,0,1,0,tiktok,2026-03-17 12:23:21
1,0,0,0,0,0,32,0,1,0,0,0,0,204,0,0,0,1,5,1,0,0,0,0,0,209,0,0,1,0,tiktok,2026-03-17 12:23:21
1,0,0,0,0,3519,46,0,1,0,0,0,0,204,0,0,0,1,6,3,0,0,0,1,0,1413,1,0,1,0,tiktok,2026-03-17 12:23:22
1,0,0,0,0,226,35,0,1,0,0,0,0,204,0,0,0,1,7,3,0,0,0,1,0,1607,1,0,1,0,tiktok,2026-03-17 12:23:22
1,0,0,0,0,226,35,0,1,0,0,0,0,204,0,0,0,1,8,3,0,0,0,1,0,1384,1,0,1,0,tiktok,2026-03-17 12:23:24
1,0,0,0,0,0,43,0,1,0,0,0,0,204,0,0,0,1,9,3,0,0,1,1,0,1154,1,0,1,0,tiktok,2026-03-17 12:23:27
1,0,0,0,0,0,43,0,1,0,0,0,0,204,0,0,0,1,10,3,0,0,1,1,0,1155,1,0,1,0,tiktok,2026-03-17 12:23:29
1,0,0,0,0,226,35,0,1,0,0,0,0,204,0,0,0,1,11,3,0,0,0,1,0,1363,1,0,1,0,tiktok,2026-03-17 12:23:29
1,0,0,0,0,0,43,0,1,0,0,0,0,204,0,0,0,1,12,3,0,0,1,1,0,1127,1,0,1,0,tiktok,2026-03-17 12:23:29
1,0,0,0,0,0,43,0,1,0,0,0,0,204,0,0,0,1,13,3,0,0,0,1,0,1686,1,0,1,0,tiktok,2026-03-17 12:23:30
1,0,0,0,0,0,32,0,1,0,0,0,0,204,0,0,0,1,14,1,0,0,0,0,0,210,0,0,1,0,tiktok,2026-03-17 12:23:30
1,0,0,0,0,3524,46,0,1,0,0,0,0,204,0,0,0,1,10,3,0,0,0,1,0,1445,1,0,1,0,tiktok,2026-03-17 12:23:31
1,0,0,0,0,226,35,0,1,0,0,0,0,204,0,0,0,1,11,3,0,0,0,1,0,1415,1,0,1,0,tiktok,2026-03-17 12:23:31
1,0,0,0,0,226,35,0,1,0,0,0,0,204,0,0,0,1,12,3,0,0,0,1,0,1485,1,0,1,0,tiktok,2026-03-17 12:23:32
1,0,0,0,0,0,43,0,1,0,0,0,0,204,0,0,0,1,11,3,0,0,1,1,0,1209,1,0,1,0,tiktok,2026-03-17 12:23:33
1,0,0,0,0,0,43,0,1,0,0,0,0,204,0,0,0,1,11,3,0,0,1,1,0,1227,1,0,1,0,tiktok,2026-03-17 12:23:36
1,0,0,0,0,226,35,0,1,0,0,0,0,204,0,0,0,1,12,3,0,0,0,1,0,1361,1,0,1,0,tiktok,2026-03-17 12:23:36
1,0,0,0,0,0,43,0,1,0,0,0,0,204,0,0,0,1,13,3,0,0,1,1,0,1197,1,0,1,0,tiktok,2026-03-17 12:23:36
1,0,0,0,0,0,32,0,1,0,0,0,0,204,0,0,0,1,14,1,0,0,0,0,0,173,0,0,1,0,tiktok,2026-03-17 12:23:36
1,0,0,0,0,0,43,0,1,0,0,0,0,204,0,0,0,1,15,3,0,0,0,1,0,1578,1,0,1,0,tiktok,2026-03-17 12:23:36
1,0,0,0,0,3531,46,0,1,0,0,0,0,204,0,0,0,1,16,3,0,0,0,1,0,1430,1,0,1,0,tiktok,2026-03-17 12:23:37
1,0,0,0,0,226,35,0,1,0,0,0,0,204,0,0,0,1,16,3,0,0,0,1,0,1415,1,0,1,0,tiktok,2026-03-17 12:23:38
1,0,0,0,0,0,43,0,1,0,0,0,0,204,0,0,0,1,17,3,0,0,1,1,0,1138,1,0,1,0,tiktok,2026-03-17 12:23:39
1,0,0,0,0,226,35,0,1,0,0,0,0,204,0,0,0,1,13,3,0,0,0,1,0,1468,1,0,1,0,tiktok,2026-03-17 12:23:41
1,0,0,0,0,226,35,0,1,0,0,0,0,204,0,0,0,1,4,3,0,0,0,1,0,1269,1,0,1,0,tiktok,2026-03-17 12:23:47
1,0,0,0,0,0,43,0,1,0,0,0,0,204,0,0,0,1,4,3,0,0,1,1,0,1177,1,0,1,0,tiktok,2026-03-17 12:23:49
1,0,0,0,0,226,35,0,1,0,0,0,0,204,0,0,0,1,4,3,0,0,0,1,0,1354,1,0,1,0,tiktok,2026-03-17 12:23:51
1,0,0,0,0,0,43,0,1,0,0,0,0,204,0,0,0,1,4,3,0,0,1,1,0,1198,1,0,1,0,tiktok,2026-03-17 12:23:53
1,0,0,0,0,226,35,0,1,0,0,0,0,204,0,0,0,1,5,3,0,0,0,1,0,1250,1,0,1,0,tiktok,2026-03-17 12:23:53
1,0,0,0,0,0,43,0,1,0,0,0,0,204,0,0,0,1,6,3,0,0,1,1,0,1127,1,0,1,0,tiktok,2026-03-17 12:23:53
1,0,0,0,0,0,43,0,1,0,0,0,0,204,0,0,0,1,7,3,0,0,0,1,0,1580,1,0,1,0,tiktok,2026-03-17 12:23:53
1,0,0,0,0,0,32,0,1,0,0,0,0,204,0,0,0,1,8,1,0,0,0,0,0,243,0,0,1,0,tiktok,2026-03-17 12:23:53
1,0,0,0,0,3539,46,0,1,0,0,0,0,204,0,0,0,1,9,3,0,0,0,1,0,1429,1,0,1,0,tiktok,2026-03-17 12:23:54
1,0,0,0,0,226,35,0,1,0,0,0,0,204,0,0,0,1,10,3,0,0,0,1,0,1603,1,0,1,0,tiktok,2026-03-17 12:23:55
1,0,0,0,0,226,35,0,1,0,0,0,0,204,0,0,0,1,10,3,0,0,0,1,0,1443,1,0,1,0,tiktok,2026-03-17 12:23:57
1,0,0,0,0,0,43,0,1,0,0,0,0,204,0,0,0,1,11,3,0,0,1,1,0,1140,1,0,1,0,tiktok,2026-03-17 12:23:57
1,0,0,0,0,489,8,0,0,0,0,0,0,204,0,0,0,1,10,1,0,0,0,0,0,996,0,0,1,0,tiktok,2026-03-17 12:24:02
1,0,0,0,0,0,43,0,1,0,0,0,0,204,0,0,0,1,4,3,0,0,1,1,0,1177,1,0,1,0,tiktok,2026-03-17 12:24:07
1,0,0,0,0,0,43,0,1,0,0,0,0,204,0,0,0,1,2,3,0,0,1,1,0,1164,1,0,1,0,tiktok,2026-03-17 12:24:17
1,0,0,0,0,226,35,0,1,0,0,0,0,204,0,0,0,1,1,3,0,0,0,1,0,1262,1,0,1,0,tiktok,2026-03-17 12:24:37
1,0,0,0,0,0,43,0,1,0,0,0,0,204,0,0,0,1,1,3,0,0,1,1,0,1165,1,0,1,0,tiktok,2026-03-17 12:24:59
1,0,0,0,0,226,35,0,1,0,0,0,0,204,0,0,0,1,2,3,0,0,0,1,0,1263,1,0,1,0,tiktok,2026-03-17 12:25:07
1,0,0,0,0,226,35,0,1,0,0,0,0,204,0,0,0,1,1,3,0,0,0,1,0,1236,1,0,1,0,tiktok,2026-03-17 12:25:37
1,0,0,0,0,0,43,0,1,0,0,0,0,204,0,0,0,1,2,3,0,0,1,1,0,1170,1,0,1,0,tiktok,2026-03-17 12:25:39
1,0,0,0,0,0,43,0,1,0,0,0,0,204,0,0,0,1,3,3,0,0,1,1,0,1174,1,0,1,0,tiktok,2026-03-17 12:25:42
1,0,0,0,0,226,35,0,1,0,0,0,0,204,0,0,0,1,4,3,0,0,0,1,0,1261,1,0,1,0,tiktok,2026-03-17 12:25:42
1,0,0,0,0,0,43,0,1,0,0,0,0,204,0,0,0,1,5,3,0,0,1,1,0,1135,1,0,1,0,tiktok,2026-03-17 12:25:42
1,0,0,0,0,0,32,0,1,0,0,0,0,204,0,0,0,1,6,1,0,0,0,0,0,170,0,0,1,0,tiktok,2026-03-17 12:25:42
1,0,0,0,0,0,43,0,1,0,0,0,0,204,0,0,0,1,7,3,0,0,0,1,0,1688,1,0,1,0,tiktok,2026-03-17 12:25:42
1,0,0,0,0,3532,46,0,1,0,0,0,0,204,0,0,0,1,8,3,0,0,0,1,0,1443,1,0,1,0,tiktok,2026-03-17 12:25:43
1,0,0,0,0,226,35,0,1,0,0,0,0,204,0,0,0,1,9,3,0,0,0,1,0,1495,1,0,1,0,tiktok,2026-03-17 12:25:43
1,0,0,0,0,0,43,0,1,0,0,0,0,204,0,0,0,1,10,3,0,0,1,1,0,1205,1,0,1,0,tiktok,2026-03-17 12:25:43
1,0,0,0,0,226,35,0,1,0,0,0,0,204,0,0,0,1,11,3,0,0,0,1,0,1483,1,0,1,0,tiktok,2026-03-17 12:25:43
1,0,0,0,0,0,43,0,1,0,0,0,0,204,0,0,0,1,12,3,0,0,1,1,0,1193,1,0,1,0,tiktok,2026-03-17 12:25:43
1,0,0,0,0,0,43,0,1,0,0,0,0,204,0,0,0,1,13,3,0,0,0,1,0,1577,1,0,1,0,tiktok,2026-03-17 12:25:44
1,0,0,0,0,0,32,0,1,0,0,0,0,204,0,0,0,1,14,1,0,0,0,0,0,232,0,0,1,0,tiktok,2026-03-17 12:25:44
1,0,0,0,0,3538,46,0,1,0,0,0,0,204,0,0,0,1,15,3,0,0,0,1,0,1412,1,0,1,0,tiktok,2026-03-17 12:25:45
1,0,0,0,0,226,35,0,1,0,0,0,0,204,0,0,0,1,16,3,0,0,0,1,0,1415,1,0,1,0,tiktok,2026-03-17 12:25:45
1,0,0,0,0,0,43,0,1,0,0,0,0,204,0,0,0,1,15,3,0,0,1,1,0,1179,1,0,1,0,tiktok,2026-03-17 12:25:50
1,0,0,0,0,0,43,0,1,0,0,0,0,204,0,0,0,1,16,3,0,0,1,1,0,1125,1,0,1,0,tiktok,2026-03-17 12:25:52
1,0,0,0,0,388,35,0,1,0,0,0,0,204,0,0,0,1,17,3,0,0,0,1,0,1354,1,0,1,0,tiktok,2026-03-17 12:25:52
1,0,0,0,0,0,43,0,1,0,0,0,0,204,0,0,0,1,18,3,0,0,1,1,0,1127,1,0,1,0,tiktok,2026-03-17 12:25:52
1,0,0,0,0,0,43,0,1,0,0,0,0,204,0,0,0,1,19,3,0,0,0,1,0,1599,1,0,1,0,tiktok,2026-03-17 12:25:52
1,0,0,0,0,0,32,0,1,0,0,0,0,204,0,0,0,1,20,1,0,0,0,0,0,244,0,0,1,0,tiktok,2026-03-17 12:25:52
1,0,0,0,0,3534,46,0,1,0,0,0,0,204,0,0,0,1,16,3,0,0,0,1,0,1447,1,0,1,0,tiktok,2026-03-17 12:25:53
1,0,0,0,0,226,35,0,1,0,0,0,0,204,0,0,0,1,12,3,0,0,0,1,0,1499,1,0,1,0,tiktok,2026-03-17 12:25:54
1,0,0,0,0,346,35,0,1,0,0,0,0,204,0,0,0,1,10,3,0,0,0,1,0,1407,1,0,1,0,tiktok,2026-03-17 12:25:55
1,0,0,0,0,0,43,0,1,0,0,0,0,204,0,0,0,1,10,3,0,0,1,1,0,1173,1,0,1,0,tiktok,2026-03-17 12:25:58
1,0,0,0,0,0,43,0,1,0,0,0,0,204,0,0,0,1,10,3,0,0,1,1,0,1188,1,0,1,0,tiktok,2026-03-17 12:26:01
1,0,0,0,0,226,35,0,1,0,0,0,0,204,0,0,0,1,11,3,0,0,0,1,0,1251,1,0,1,0,tiktok,2026-03-17 12:26:01
1,0,0,0,0,0,43,0,1,0,0,0,0,204,0,0,0,1,12,3,0,0,1,1,0,1146,1,0,1,0,tiktok,2026-03-17 12:26:01
1,0,0,0,0,0,43,0,1,0,0,0,0,204,0,0,0,1,13,3,0,0,0,1,0,1579,1,0,1,0,tiktok,2026-03-17 12:26:01
1,0,0,0,0,0,32,0,1,0,0,0,0,204,0,0,0,1,14,1,0,0,0,0,0,210,0,0,1,0,tiktok,2026-03-17 12:26:01
1,0,0,0,0,3539,46,0,1,0,0,0,0,204,0,0,0,1,10,3,0,0,0,1,0,1429,1,0,1,0,tiktok,2026-03-17 12:26:02
1,0,0,0,0,226,35,0,1,0,0,0,0,204,0,0,0,1,11,3,0,0,0,1,0,1413,1,0,1,0,tiktok,2026-03-17 12:26:02
1,0,0,0,0,226,35,0,1,0,0,0,0,204,0,0,0,1,11,3,0,0,0,1,0,1433,1,0,1,0,tiktok,2026-03-17 12:26:03
1,0,0,0,0,0,43,0,1,0,0,0,0,204,0,0,0,1,9,3,0,0,1,1,0,1155,1,0,1,0,tiktok,2026-03-17 12:26:08
1,0,0,0,0,346,35,0,1,0,0,0,0,204,0,0,0,1,4,3,0,0,0,1,0,1204,1,0,1,0,tiktok,2026-03-17 12:26:12
1,0,0,0,0,0,43,0,1,0,0,0,0,204,0,0,0,1,2,3,0,0,1,1,0,1164,1,0,1,0,tiktok,2026-03-17 12:26:18
1,0,0,0,0,0,43,0,1,0,0,0,0,204,0,0,0,1,1,3,0,0,1,1,0,1165,1,0,1,0,tiktok,2026-03-17 12:26:28
1,0,0,0,0,0,43,0,1,0,0,0,0,204,0,0,0,1,2,3,0,0,1,1,0,1168,1,0,1,0,tiktok,2026-03-17 12:26:31
1,0,0,0,0,226,35,0,1,0,0,0,0,204,0,0,0,1,3,3,0,0,0,1,0,1285,1,0,1,0,tiktok,2026-03-17 12:26:31
1,0,0,0,0,0,43,0,1,0,0,0,0,204,0,0,0,1,4,3,0,0,1,1,0,1132,1,0,1,0,tiktok,2026-03-17 12:26:31
1,0,0,0,0,0,43,0,1,0,0,0,0,204,0,0,0,1,5,3,0,0,0,1,0,1607,1,0,1,0,tiktok,2026-03-17 12:26:31
1,0,0,0,0,0,32,0,1,0,0,0,0,204,0,0,0,1,6,1,0,0,0,0,0,243,0,0,1,0,tiktok,2026-03-17 12:26:31
1,0,0,0,0,3540,46,0,1,0,0,0,0,204,0,0,0,1,7,3,0,0,0,1,0,1455,1,0,1,0,tiktok,2026-03-17 12:26:32
1,0,0,0,0,226,35,0,1,0,0,0,0,204,0,0,0,1,8,3,0,0,0,1,0,1446,1,0,1,0,tiktok,2026-03-17 12:26:32
1,0,0,0,0,226,35,0,1,0,0,0,0,204,0,0,0,1,9,3,0,0,0,1,0,1607,1,0,1,0,tiktok,2026-03-17 12:26:33
1,0,0,0,0,0,43,0,1,0,0,0,0,204,0,0,0,1,10,3,0,0,1,1,0,1180,1,0,1,0,tiktok,2026-03-17 12:26:35
1,0,0,0,0,0,43,0,1,0,0,0,0,204,0,0,0,1,1,3,0,0,1,1,0,1189,1,0,1,0,tiktok,2026-03-17 12:26:45
1,0,0,0,0,226,35,0,1,0,0,0,0,204,0,0,0,1,2,3,0,0,0,1,0,1284,1,0,1,0,tiktok,2026-03-17 12:26:54
1,0,0,0,0,0,43,0,1,0,0,0,0,204,0,0,0,1,3,3,0,0,1,1,0,1155,1,0,1,0,tiktok,2026-03-17 12:26:54
1,0,0,0,0,0,43,0,1,0,0,0,0,204,0,0,0,1,4,3,0,0,1,1,0,1201,1,0,1,0,tiktok,2026-03-17 12:26:54
1,0,0,0,0,0,32,0,1,0,0,0,0,204,0,0,0,1,5,1,0,0,0,0,0,173,0,0,1,0,tiktok,2026-03-17 12:26:54
1,0,0,0,0,0,43,0,1,0,0,0,0,204,0,0,0,1,6,3,0,0,0,1,0,1689,1,0,1,0,tiktok,2026-03-17 12:26:54
1,0,0,0,0,3540,46,0,1,0,0,0,0,204,0,0,0,1,7,3,0,0,0,1,0,1445,1,0,1,0,tiktok,2026-03-17 12:26:55
1,0,0,0,0,0,43,0,1,0,0,0,0,204,0,0,0,1,8,3,0,0,1,1,0,1186,1,0,1,0,tiktok,2026-03-17 12:26:55
1,0,0,0,0,364,35,0,1,0,0,0,0,204,0,0,0,1,9,3,0,0,0,1,0,1372,1,0,1,0,tiktok,2026-03-17 12:26:55
1,0,0,0,0,0,43,0,1,0,0,0,0,204,0,0,0,1,10,3,0,0,1,1,0,1183,1,0,1,0,tiktok,2026-03-17 12:26:55
1,0,0,0,0,226,35,0,1,0,0,0,0,204,0,0,0,1,11,3,0,0,0,1,0,1522,1,0,1,0,tiktok,2026-03-17 12:26:55
1,0,0,0,0,0,43,0,1,0,0,0,0,204,0,0,0,1,12,3,0,0,0,1,0,1577,1,0,1,0,tiktok,2026-03-17 12:26:55
1,0,0,0,0,0,32,0,1,0,0,0,0,204,0,0,0,1,13,1,0,0,0,0,0,173,0,0,1,0,tiktok,2026-03-17 12:26:55
1,0,0,0,0,3540,46,0,1,0,0,0,0,204,0,0,0,1,13,3,0,0,0,1,0,1429,1,0,1,0,tiktok,2026-03-17 12:26:56
1,0,0,0,0,226,35,0,1,0,0,0,0,204,0,0,0,1,14,3,0,0,0,1,0,1414,1,0,1,0,tiktok,2026-03-17 12:26:57
1,0,0,0,0,0,43,0,1,0,0,0,0,204,0,0,0,1,15,3,0,0,1,1,0,1152,1,0,1,0,tiktok,2026-03-17 12:27:00
1,0,0,0,0,226,35,0,1,0,0,0,0,204,0,0,0,1,9,3,0,0,0,1,0,1376,1,0,1,0,tiktok,2026-03-17 12:27:05
1,0,0,0,0,226,35,0,1,0,0,0,0,204,0,0,0,1,5,3,0,0,0,1,0,1269,1,0,1,0,tiktok,2026-03-17 12:27:06
1,0,0,0,0,0,43,0,1,0,0,0,0,204,0,0,0,1,4,3,0,0,1,1,0,1163,1,0,1,0,tiktok,2026-03-17 12:27:10
1,0,0,0,0,0,43,0,1,0,0,0,0,204,0,0,0,1,2,3,0,0,1,1,0,1164,1,0,1,0,tiktok,2026-03-17 12:27:20
1,0,0,0,0,0,43,0,1,0,0,0,0,204,0,0,0,1,1,3,0,0,1,1,0,1167,1,0,1,0,tiktok,2026-03-17 12:27:33
1,0,0,0,0,226,35,0,1,0,0,0,0,204,0,0,0,1,2,3,0,0,0,1,0,1286,1,0,1,0,tiktok,2026-03-17 12:27:33
1,0,0,0,0,0,43,0,1,0,0,0,0,204,0,0,0,1,3,3,0,0,1,1,0,1131,1,0,1,0,tiktok,2026-03-17 12:27:33
1,0,0,0,0,0,43,0,1,0,0,0,0,204,0,0,0,1,4,3,0,0,0,1,0,1580,1,0,1,0,tiktok,2026-03-17 12:27:33
1,0,0,0,0,0,32,0,1,0,0,0,0,204,0,0,0,1,5,1,0,0,0,0,0,173,0,0,1,0,tiktok,2026-03-17 12:27:33
1,0,0,0,0,3539,46,0,1,0,0,0,0,204,0,0,0,1,6,3,0,0,0,1,0,1431,1,0,1,0,tiktok,2026-03-17 12:27:34
1,0,0,0,0,226,35,0,1,0,0,0,0,204,0,0,0,1,7,3,0,0,0,1,0,1607,1,0,1,0,tiktok,2026-03-17 12:27:35
1,0,0,0,0,0,43,0,1,0,0,0,0,204,0,0,0,1,8,3,0,0,1,1,0,1140,1,0,1,0,tiktok,2026-03-17 12:27:35
1,0,0,0,0,226,35,0,1,0,0,0,0,204,0,0,0,1,9,3,0,0,0,1,0,1415,1,0,1,0,tiktok,2026-03-17 12:27:36
1,0,0,0,0,0,43,0,1,0,0,0,0,204,0,0,0,1,3,3,0,0,1,1,0,1177,1,0,1,0,tiktok,2026-03-17 12:27:45
1,0,0,0,0,0,43,0,1,0,0,0,0,204,0,0,0,1,2,3,0,0,1,1,0,1198,1,0,1,0,tiktok,2026-03-17 12:27:48
1,0,0,0,0,0,43,0,1,0,0,0,0,204,0,0,0,1,3,3,0,0,1,1,0,1127,1,0,1,0,tiktok,2026-03-17 12:27:48
1,0,0,0,0,226,35,0,1,0,0,0,0,204,0,0,0,1,4,3,0,0,0,1,0,1342,1,0,1,0,tiktok,2026-03-17 12:27:48
1,0,0,0,0,0,32,0,1,0,0,0,0,204,0,0,0,1,5,1,0,0,0,0,0,173,0,0,1,0,tiktok,2026-03-17 12:27:48
1,0,0,0,0,0,43,0,1,0,0,0,0,204,0,0,0,1,6,3,0,0,0,1,0,1679,1,0,1,0,tiktok,2026-03-17 12:27:48
1,0,0,0,0,3543,46,0,1,0,0,0,0,204,0,0,0,1,7,3,0,0,0,1,0,1439,1,0,1,0,tiktok,2026-03-17 12:27:49
1,0,0,0,0,226,35,0,1,0,0,0,0,204,0,0,0,1,8,3,0,0,0,1,0,1501,1,0,1,0,tiktok,2026-03-17 12:27:50
1,0,0,0,0,0,43,0,1,0,0,0,0,204,0,0,0,1,9,3,0,0,1,1,0,1198,1,0,1,0,tiktok,2026-03-17 12:27:50
1,0,0,0,0,226,35,0,1,0,0,0,0,204,0,0,0,1,10,3,0,0,0,1,0,1496,1,0,1,0,tiktok,2026-03-17 12:27:50
1,0,0,0,0,0,43,0,1,0,0,0,0,204,0,0,0,1,11,3,0,0,1,1,0,1185,1,0,1,0,tiktok,2026-03-17 12:27:50
1,0,0,0,0,0,43,0,1,0,0,0,0,204,0,0,0,1,12,3,0,0,0,1,0,1579,1,0,1,0,tiktok,2026-03-17 12:27:51
1,0,0,0,0,0,32,0,1,0,0,0,0,204,0,0,0,1,13,1,0,0,0,0,0,244,0,0,1,0,tiktok,2026-03-17 12:27:51
1,0,0,0,0,3543,46,0,1,0,0,0,0,204,0,0,0,1,14,3,0,0,0,1,0,1430,1,0,1,0,tiktok,2026-03-17 12:27:52
1,0,0,0,0,226,35,0,1,0,0,0,0,204,0,0,0,1,15,3,0,0,0,1,0,1417,1,0,1,0,tiktok,2026-03-17 12:27:52
1,0,0,0,0,226,35,0,1,0,0,0,0,204,0,0,0,1,10,3,0,0,0,1,0,1404,1,0,1,0,tiktok,2026-03-17 12:27:59
1,0,0,0,0,0,43,0,1,0,0,0,0,204,0,0,0,1,11,3,0,0,1,1,0,1155,1,0,1,0,tiktok,2026-03-17 12:27:59
1,0,0,0,0,226,35,0,1,0,0,0,0,204,0,0,0,1,4,3,0,0,0,1,0,1271,1,0,1,0,tiktok,2026-03-17 12:28:02
1,0,0,0,0,0,43,0,1,0,0,0,0,204,0,0,0,1,4,3,0,0,1,1,0,1167,1,0,1,0,tiktok,2026-03-17 12:28:03
1,0,0,0,0,226,35,0,1,0,0,0,0,204,0,0,0,1,5,3,0,0,0,1,0,1252,1,0,1,0,tiktok,2026-03-17 12:28:03
1,0,0,0,0,0,43,0,1,0,0,0,0,204,0,0,0,1,6,3,0,0,1,1,0,1132,1,0,1,0,tiktok,2026-03-17 12:28:03
1,0,0,0,0,0,43,0,1,0,0,0,0,204,0,0,0,1,7,3,0,0,0,1,0,1581,1,0,1,0,tiktok,2026-03-17 12:28:03
1,0,0,0,0,0,32,0,1,0,0,0,0,204,0,0,0,1,8,1,0,0,0,0,0,244,0,0,1,0,tiktok,2026-03-17 12:28:03
1,0,0,0,0,3543,46,0,1,0,0,0,0,204,0,0,0,1,9,3,0,0,0,1,0,1431,1,0,1,0,tiktok,2026-03-17 12:28:04
1,0,0,0,0,226,35,0,1,0,0,0,0,204,0,0,0,1,10,3,0,0,0,1,0,1609,1,0,1,0,tiktok,2026-03-17 12:28:04
1,0,0,0,0,0,43,0,1,0,0,0,0,204,0,0,0,1,9,3,0,0,1,1,0,1156,1,0,1,0,tiktok,2026-03-17 12:28:10
1,0,0,0,0,226,35,0,1,0,0,0,0,204,0,0,0,1,9,3,0,0,0,1,0,1447,1,0,1,0,tiktok,2026-03-17 12:28:12
1,0,0,0,0,0,43,0,1,0,0,0,0,204,0,0,0,1,3,3,0,0,1,1,0,1165,1,0,1,0,tiktok,2026-03-17 12:28:20
1,0,0,0,0,0,43,0,1,0,0,0,0,204,0,0,0,1,1,3,0,0,1,1,0,1166,1,0,1,0,tiktok,2026-03-17 12:28:30
1,0,0,0,0,226,35,0,1,0,0,0,0,204,0,0,0,1,1,3,0,0,0,1,0,1263,1,0,1,0,tiktok,2026-03-17 12:28:42
1,0,0,0,0,226,35,0,1,0,0,0,0,204,0,0,0,1,2,3,0,0,0,1,0,1342,0,0,1,0,tiktok,2026-03-17 12:28:46
1,0,0,0,0,226,35,0,1,0,0,0,0,204,0,0,0,1,2,3,0,0,0,1,0,1327,0,0,1,0,tiktok,2026-03-17 12:28:54
1,0,0,0,0,226,35,0,1,0,0,0,0,204,0,0,0,1,2,3,0,0,0,1,0,1421,0,0,1,0,tiktok,2026-03-17 12:29:03
1,0,0,0,0,0,43,0,1,0,0,0,0,204,0,0,0,1,1,3,0,0,1,1,0,1194,0,0,1,0,tiktok,2026-03-17 12:29:27
1,0,0,0,0,226,35,0,1,0,0,0,0,204,0,0,0,1,2,3,0,0,0,1,0,1567,0,0,1,0,tiktok,2026-03-17 12:29:33
1,0,0,0,0,0,43,0,1,0,0,0,0,204,0,0,0,1,1,3,0,0,1,1,0,1129,0,0,1,0,tiktok,2026-03-17 12:30:09
1,0,0,0,0,226,35,0,1,0,0,0,0,204,0,0,0,1,1,3,0,0,0,1,0,1439,0,0,1,0,tiktok,2026-03-17 12:30:33
1,0,0,0,0,226,35,0,1,0,0,0,0,204,0,0,0,1,1,3,0,0,0,1,0,1251,0,0,1,0,tiktok,2026-03-17 12:30:43
1,0,0,0,0,756,35,0,1,0,0,0,0,204,0,0,0,1,2,3,0,0,0,1,0,1459,0,0,1,0,tiktok,2026-03-17 12:30:53
1,0,0,0,0,0,43,0,1,0,0,0,0,204,0,0,0,1,2,3,0,0,1,1,0,1264,0,0,1,0,tiktok,2026-03-17 12:30:54
1,0,0,0,0,356,35,0,1,0,0,0,0,204,0,0,0,1,3,3,0,0,0,1,0,1501,0,0,1,0,tiktok,2026-03-17 12:30:56
1,0,0,0,0,0,41,0,1,0,0,0,0,204,0,0,0,1,4,3,0,0,0,1,0,786,0,0,1,0,tiktok,2026-03-17 12:30:56
1,0,0,0,0,0,43,0,1,0,0,0,0,204,0,0,0,1,5,3,0,0,0,1,0,1654,0,0,1,0,tiktok,2026-03-17 12:30:56
1,0,0,0,0,0,32,0,1,0,0,0,0,204,0,0,0,1,6,1,0,0,0,0,0,226,0,0,1,0,tiktok,2026-03-17 12:30:56
1,0,0,0,0,3527,46,0,1,0,0,0,0,204,0,0,0,1,7,3,0,0,0,1,0,1499,0,0,1,0,tiktok,2026-03-17 12:30:57
1,0,0,0,0,0,43,0,1,0,0,0,0,204,0,0,0,1,8,3,0,0,1,1,0,1158,0,0,1,0,tiktok,2026-03-17 12:31:02
1,0,0,0,0,0,43,0,1,0,0,0,0,204,0,0,0,1,9,3,0,0,1,1,0,1139,0,0,1,0,tiktok,2026-03-17 12:31:02
1,0,0,0,0,0,43,0,1,0,0,0,0,204,0,0,0,1,10,3,0,0,1,1,0,1100,0,0,1,0,tiktok,2026-03-17 12:31:02
1,0,0,0,0,226,35,0,1,0,0,0,0,204,0,0,0,1,11,3,0,0,0,1,0,1377,0,0,1,0,tiktok,2026-03-17 12:31:02
1,0,0,0,0,588,35,0,1,0,0,0,0,204,0,0,0,1,12,3,0,0,0,1,0,1486,0,0,1,0,tiktok,2026-03-17 12:31:03
1,0,0,0,0,226,35,0,1,0,0,0,0,204,0,0,0,1,1,3,0,0,0,1,0,1286,0,0,1,0,tiktok,2026-03-17 12:31:13
1,0,0,0,0,0,43,0,1,0,0,0,0,204,0,0,0,1,1,3,0,0,1,1,0,1230,0,0,1,0,tiktok,2026-03-17 12:31:42
1,0,0,0,0,1007,35,0,1,0,0,0,0,204,0,0,0,1,2,3,0,0,0,1,0,1280,0,0,1,0,tiktok,2026-03-17 12:31:43
1,0,0,0,0,226,35,0,1,0,0,0,0,204,0,0,0,1,1,3,0,0,0,1,0,1269,0,0,1,0,tiktok,2026-03-17 12:32:13
1,0,0,0,0,0,43,0,1,0,0,0,0,204,0,0,0,1,2,3,0,0,1,1,0,1200,0,0,1,0,tiktok,2026-03-17 12:32:22
1,0,0,0,0,226,35,0,1,0,0,0,0,204,0,0,0,1,3,3,0,0,0,1,0,1461,0,0,1,0,tiktok,2026-03-17 12:32:23
1,0,0,0,0,1127,35,0,1,0,0,0,0,204,0,0,0,1,1,3,0,0,0,1,0,1257,0,0,1,0,tiktok,2026-03-17 12:32:53
1,0,0,0,0,0,43,0,1,0,0,0,0,204,0,0,0,1,2,3,0,0,1,1,0,1409,0,0,1,0,tiktok,2026-03-17 12:33:02
1,0,0,0,0,884,35,0,1,0,0,0,0,204,0,0,0,1,3,3,0,0,0,1,0,1331,0,0,1,0,tiktok,2026-03-17 12:33:03
1,0,0,0,0,375,35,0,1,0,0,0,0,204,0,0,0,1,1,3,0,0,0,1,0,1430,0,0,1,0,tiktok,2026-03-17 12:33:13
1,0,0,0,0,0,43,0,1,0,0,0,0,204,0,0,0,1,1,3,0,0,1,1,0,1207,0,0,1,0,tiktok,2026-03-17 12:33:42
1,0,0,0,0,354,35,0,1,0,0,0,0,204,0,0,0,1,2,3,0,0,0,1,0,1449,0,0,1,0,tiktok,2026-03-17 12:33:43
1,0,0,0,0,226,35,0,1,0,0,0,0,204,0,0,0,1,2,3,0,0,0,1,0,1405,0,0,1,0,tiktok,2026-03-17 12:33:53
1,0,0,0,0,0,43,0,1,0,0,0,0,204,0,0,0,1,1,3,0,0,1,1,0,1203,0,0,1,0,tiktok,2026-03-17 12:34:22
1,0,0,0,0,226,35,0,1,0,0,0,0,204,0,0,0,1,2,3,0,0,0,1,0,1269,0,0,1,0,tiktok,2026-03-17 12:34:23
1,0,0,0,0,396,35,0,1,0,0,0,0,204,0,0,0,1,1,3,0,0,0,1,0,1471,0,0,1,0,tiktok,2026-03-17 12:34:43
1,0,0,0,0,2065,35,0,1,0,0,0,0,204,0,0,0,1,2,3,0,0,0,1,0,1199,0,0,1,0,tiktok,2026-03-17 12:34:53
1,0,0,0,0,0,43,0,1,0,0,0,0,204,0,0,0,1,2,3,0,0,1,1,0,1507,0,0,1,0,tiktok,2026-03-17 12:35:02
1,0,0,0,0,226,35,0,1,0,0,0,0,204,0,0,0,1,2,3,0,0,0,1,0,1541,0,0,1,0,tiktok,2026-03-17 12:35:03
1,0,0,0,0,375,35,0,1,0,0,0,0,204,0,0,0,1,2,3,0,0,0,1,0,1433,0,0,1,0,tiktok,2026-03-17 12:35:13
1,0,0,0,0,0,43,0,1,0,0,0,0,204,0,0,0,1,1,3,0,0,1,1,0,1176,0,0,1,0,tiktok,2026-03-17 12:35:42
1,0,0,0,0,226,35,0,1,0,0,0,0,204,0,0,0,1,1,3,0,0,0,1,0,1269,0,0,1,0,tiktok,2026-03-17 12:35:53
1,0,0,0,0,0,43,0,1,0,0,0,0,204,0,0,0,1,1,3,0,0,1,1,0,1123,0,0,1,0,tiktok,2026-03-17 12:36:22
1,0,0,0,0,226,35,0,1,0,0,0,0,204,0,0,0,1,1,3,0,0,0,1,0,1269,0,0,1,0,tiktok,2026-03-17 12:36:33
1,0,0,0,0,0,43,0,1,0,0,0,0,204,0,0,0,1,1,3,0,0,1,1,0,1131,0,0,1,0,tiktok,2026-03-17 12:37:02
1,0,0,0,0,226,35,0,1,0,0,0,0,204,0,0,0,1,1,3,0,0,0,1,0,1270,0,0,1,0,tiktok,2026-03-17 12:37:13
1,0,0,0,0,0,43,0,1,0,0,0,0,204,0,0,0,1,1,3,0,0,1,1,0,1140,0,0,1,0,tiktok,2026-03-17 12:37:40
1,0,0,0,0,226,35,0,1,0,0,0,0,204,0,0,0,1,2,3,0,0,0,1,0,1540,0,0,1,0,tiktok,2026-03-17 12:37:41
1,0,0,0,0,0,41,0,1,0,0,0,0,204,0,0,0,1,3,3,0,0,0,1,0,786,0,0,1,0,tiktok,2026-03-17 12:37:41
1,0,0,0,0,0,32,0,1,0,0,0,0,204,0,0,0,1,4,1,0,0,0,0,0,226,0,0,1,0,tiktok,2026-03-17 12:37:41
1,0,0,0,0,0,43,0,1,0,0,0,0,204,0,0,0,1,5,3,0,0,0,1,0,1631,0,0,1,0,tiktok,2026-03-17 12:37:41
1,0,0,0,0,3531,46,0,1,0,0,0,0,204,0,0,0,1,6,3,0,0,0,1,0,1479,0,0,1,0,tiktok,2026-03-17 12:37:42
1,0,0,0,0,226,35,0,1,0,0,0,0,204,0,0,0,1,7,3,0,0,0,1,0,1369,0,0,1,0,tiktok,2026-03-17 12:37:43
1,0,0,0,0,0,43,0,1,0,0,0,0,204,0,0,0,1,8,3,0,0,1,1,0,1127,0,0,1,0,tiktok,2026-03-17 12:37:46
1,0,0,0,0,226,35,0,1,0,0,0,0,204,0,0,0,1,9,3,0,0,0,1,0,1367,0,0,1,0,tiktok,2026-03-17 12:37:46
1,0,0,0,0,0,43,0,1,0,0,0,0,204,0,0,0,1,10,3,0,0,1,1,0,1116,0,0,1,0,tiktok,2026-03-17 12:37:46
1,0,0,0,0,226,35,0,1,0,0,0,0,204,0,0,0,1,11,3,0,0,0,1,0,1254,0,0,1,0,tiktok,2026-03-17 12:37:46
1,0,0,0,0,0,43,0,1,0,0,0,0,204,0,0,0,1,12,3,0,0,1,1,0,1119,0,0,1,0,tiktok,2026-03-17 12:37:46
1,0,0,0,0,226,35,0,1,0,0,0,0,204,0,0,0,1,13,3,0,0,0,1,0,1482,0,0,1,0,tiktok,2026-03-17 12:37:48
1,0,0,0,0,0,41,0,1,0,0,0,0,204,0,0,0,1,14,3,0,0,0,1,0,787,0,0,1,0,tiktok,2026-03-17 12:37:48
1,0,0,0,0,0,43,0,1,0,0,0,0,204,0,0,0,1,15,3,0,0,0,1,0,1639,0,0,1,0,tiktok,2026-03-17 12:37:48
1,0,0,0,0,0,32,0,1,0,0,0,0,204,0,0,0,1,16,1,0,0,0,0,0,226,0,0,1,0,tiktok,2026-03-17 12:37:48
1,0,0,0,0,2404,46,0,1,0,0,0,0,204,0,0,0,1,17,3,0,0,0,1,0,1497,0,0,1,0,tiktok,2026-03-17 12:37:49
1,0,0,0,0,226,35,0,1,0,0,0,0,204,0,0,0,1,12,3,0,0,0,1,0,1395,0,0,1,0,tiktok,2026-03-17 12:37:53
1,0,0,0,0,0,43,0,1,0,0,0,0,204,0,0,0,1,12,3,0,0,1,1,0,1131,0,0,1,0,tiktok,2026-03-17 12:37:54
1,0,0,0,0,226,35,0,1,0,0,0,0,204,0,0,0,1,13,3,0,0,0,1,0,1502,0,0,1,0,tiktok,2026-03-17 12:37:54
1,0,0,0,0,0,43,0,1,0,0,0,0,204,0,0,0,1,14,3,0,0,1,1,0,1115,0,0,1,0,tiktok,2026-03-17 12:37:54
1,0,0,0,0,0,43,0,1,0,0,0,0,204,0,0,0,1,15,3,0,0,1,1,0,1121,0,0,1,0,tiktok,2026-03-17 12:37:54
1,0,0,0,0,354,35,0,1,0,0,0,0,204,0,0,0,1,5,3,0,0,0,1,0,1307,0,0,1,0,tiktok,2026-03-17 12:38:03
1,0,0,0,0,884,35,0,1,0,0,0,0,204,0,0,0,1,1,3,0,0,0,1,0,1351,0,0,1,0,tiktok,2026-03-17 12:38:33
1,0,0,0,0,0,43,0,1,0,0,0,0,204,0,0,0,1,2,3,0,0,1,1,0,1255,0,0,1,0,tiktok,2026-03-17 12:38:34
1,0,0,0,0,226,35,0,1,0,0,0,0,204,0,0,0,1,1,3,0,0,0,1,0,1417,0,0,1,0,tiktok,2026-03-17 12:38:53
1,0,0,0,0,0,43,0,1,0,0,0,0,204,0,0,0,1,1,3,0,0,1,1,0,1160,0,0,1,0,tiktok,2026-03-17 12:39:14
1,0,0,0,0,226,35,0,1,0,0,0,0,204,0,0,0,1,2,3,0,0,0,1,0,1417,0,0,1,0,tiktok,2026-03-17 12:39:23
1,0,0,0,0,804,35,0,1,0,0,0,0,204,0,0,0,1,1,3,0,0,0,1,0,1351,0,0,1,0,tiktok,2026-03-17 12:39:53
1,0,0,0,0,0,43,0,1,0,0,0,0,204,0,0,0,1,2,3,0,0,1,1,0,1307,0,0,1,0,tiktok,2026-03-17 12:39:54
1,0,0,0,0,226,35,0,1,0,0,0,0,204,0,0,0,1,3,3,0,0,0,1,0,1425,0,0,1,0,tiktok,2026-03-17 12:40:03
1,0,0,0,0,226,35,0,1,0,0,0,0,204,0,0,0,1,2,3,0,0,0,1,0,1500,0,0,1,0,tiktok,2026-03-17 12:40:13
1,0,0,0,0,226,35,0,1,0,0,0,0,204,0,0,0,1,1,3,0,0,0,1,0,1287,0,0,1,0,tiktok,2026-03-17 12:40:23
1,0,0,0,0,0,43,0,1,0,0,0,0,204,0,0,0,1,1,3,0,0,1,1,0,1164,0,0,1,0,tiktok,2026-03-17 12:40:34
1,0,0,0,0,855,35,0,1,0,0,0,0,204,0,0,0,1,2,3,0,0,0,1,0,1351,0,0,1,0,tiktok,2026-03-17 12:40:43
1,0,0,0,0,226,35,0,1,0,0,0,0,204,0,0,0,1,2,3,0,0,0,1,0,1287,0,0,1,0,tiktok,2026-03-17 12:40:53
1,0,0,0,0,226,35,0,1,0,0,0,0,204,0,0,0,1,2,3,0,0,0,1,0,1417,0,0,1,0,tiktok,2026-03-17 12:41:03
1,0,0,0,0,0,43,0,1,0,0,0,0,204,0,0,0,1,1,3,0,0,1,1,0,1299,0,0,1,0,tiktok,2026-03-17 12:41:14
1,0,0,0,0,226,35,0,1,0,0,0,0,204,0,0,0,1,2,3,0,0,0,1,0,1449,0,0,1,0,tiktok,2026-03-17 12:41:23
1,0,0,0,0,0,43,0,1,0,0,0,0,204,0,0,0,1,1,3,0,0,1,1,0,1165,0,0,1,0,tiktok,2026-03-17 12:41:54
1,0,0,0,0,226,35,0,1,0,0,0,0,204,0,0,0,1,2,3,0,0,0,1,0,1270,0,0,1,0,tiktok,2026-03-17 12:42:03
1,0,0,0,0,561,35,0,1,0,0,0,0,204,0,0,0,1,1,3,0,0,0,1,0,1373,0,0,1,0,tiktok,2026-03-17 12:42:33
1,0,0,0,0,0,43,0,1,0,0,0,0,204,0,0,0,1,2,3,0,0,1,1,0,1218,0,0,1,0,tiktok,2026-03-17 12:42:34
1,0,0,0,0,1422,35,0,1,0,0,0,0,204,0,0,0,1,1,3,0,0,0,1,0,1100,0,0,1,0,tiktok,2026-03-17 12:42:53
1,0,0,0,0,0,43,0,1,0,0,0,0,204,0,0,0,1,1,3,0,0,1,1,0,1381,0,0,1,0,tiktok,2026-03-17 12:43:05
1,0,0,0,0,226,35,0,1,0,0,0,0,204,0,0,0,1,2,3,0,0,0,1,0,1556,0,0,1,0,tiktok,2026-03-17 12:43:06
1,0,0,0,0,0,41,0,1,0,0,0,0,204,0,0,0,1,3,3,0,0,0,1,0,767,0,0,1,0,tiktok,2026-03-17 12:43:06
1,0,0,0,0,0,32,0,1,0,0,0,0,204,0,0,0,1,4,1,0,0,0,0,0,223,0,0,1,0,tiktok,2026-03-17 12:43:06
1,0,0,0,0,0,43,0,1,0,0,0,0,204,0,0,0,1,5,3,0,0,0,1,0,1626,0,0,1,0,tiktok,2026-03-17 12:43:06
1,0,0,0,0,3499,46,0,1,0,0,0,0,204,0,0,0,1,6,3,0,0,0,1,0,1475,0,0,1,0,tiktok,2026-03-17 12:43:07
1,0,0,0,0,0,43,0,1,0,0,0,0,204,0,0,0,1,7,3,0,0,1,1,0,1123,0,0,1,0,tiktok,2026-03-17 12:43:11
1,0,0,0,0,226,35,0,1,0,0,0,0,204,0,0,0,1,8,3,0,0,0,1,0,1383,0,0,1,0,tiktok,2026-03-17 12:43:11
1,0,0,0,0,0,43,0,1,0,0,0,0,204,0,0,0,1,9,3,0,0,1,1,0,1128,0,0,1,0,tiktok,2026-03-17 12:43:11
1,0,0,0,0,226,35,0,1,0,0,0,0,204,0,0,0,1,10,3,0,0,0,1,0,1254,0,0,1,0,tiktok,2026-03-17 12:43:11
1,0,0,0,0,0,43,0,1,0,0,0,0,204,0,0,0,1,11,3,0,0,1,1,0,1103,0,0,1,0,tiktok,2026-03-17 12:43:11
1,0,0,0,0,898,35,0,1,0,0,0,0,204,0,0,0,1,12,3,0,0,0,1,0,1434,0,0,1,0,tiktok,2026-03-17 12:43:13
1,0,0,0,0,226,35,0,1,0,0,0,0,204,0,0,0,1,13,3,0,0,0,1,0,1234,0,0,1,0,tiktok,2026-03-17 12:43:14
1,0,0,0,0,0,43,0,1,0,0,0,0,204,0,0,0,1,14,3,0,0,1,1,0,1120,0,0,1,0,tiktok,2026-03-17 12:43:14
1,0,0,0,0,0,32,0,0,0,0,0,0,200,1531129,0,0,1,1,1,0,0,0,0,0,15,0,0,5,0,normal,2026-03-18 08:22:47
1,0,0,0,0,0,15,0,1,0,0,0,0,200,672166,0,0,1,2,1,0,0,0,0,0,15,0,0,4,0,normal,2026-03-18 08:22:48
1,0,0,0,0,0,31,0,0,0,0,0,0,200,1564245,0,0,1,3,1,0,0,0,0,0,15,0,0,5,0,normal,2026-03-18 08:22:48
1,0,0,0,0,0,43,0,1,0,0,0,0,204,0,0,0,1,4,3,0,0,1,1,0,1099,0,0,1,0,normal,2026-03-18 08:22:55
1,0,0,0,0,226,35,0,1,0,0,0,0,204,0,0,0,1,2,3,0,0,0,1,0,1592,0,0,1,0,normal,2026-03-18 08:22:59
1,0,0,0,0,0,43,0,1,0,0,0,0,204,0,0,0,1,3,3,0,0,0,1,0,1669,0,0,1,0,normal,2026-03-18 08:22:59
1,0,0,0,0,0,32,0,1,0,0,0,0,204,0,0,0,1,4,1,0,0,0,0,0,200,0,0,1,0,normal,2026-03-18 08:22:59
1,0,0,0,0,2388,46,0,1,0,0,0,0,204,0,0,0,1,5,3,0,0,0,1,0,1442,0,0,1,0,normal,2026-03-18 08:23:00
1,0,0,0,0,0,43,0,1,0,0,0,0,204,0,0,0,1,6,3,0,0,1,1,0,1178,0,0,1,0,normal,2026-03-18 08:23:03
1,0,0,0,0,226,35,0,1,0,0,0,0,204,0,0,0,1,7,3,0,0,0,1,0,1396,0,0,1,0,normal,2026-03-18 08:23:03
1,0,0,0,0,0,43,0,1,0,0,0,0,204,0,0,0,1,8,3,0,0,1,1,0,1156,0,0,1,0,normal,2026-03-18 08:23:03
1,0,0,0,0,226,35,0,1,0,0,0,0,204,0,0,0,1,9,3,0,0,0,1,0,1478,0,0,1,0,normal,2026-03-18 08:23:04
1,0,0,0,0,0,43,0,1,0,0,0,0,204,0,0,0,1,10,3,0,0,0,1,0,1566,0,0,1,0,normal,2026-03-18 08:23:04
1,0,0,0,0,0,32,0,1,0,0,0,0,204,0,0,0,1,11,1,0,0,0,0,0,232,0,0,1,0,normal,2026-03-18 08:23:04
1,0,0,0,0,0,43,0,1,0,0,0,0,204,0,0,0,1,12,3,0,0,1,1,0,1135,0,0,1,0,normal,2026-03-18 08:23:04
1,0,0,0,0,226,35,0,1,0,0,0,0,204,0,0,0,1,13,3,0,0,0,1,0,1314,0,0,1,0,normal,2026-03-18 08:23:04
1,0,0,0,0,0,43,0,1,0,0,0,0,204,0,0,0,1,14,3,0,0,1,1,0,1113,0,0,1,0,normal,2026-03-18 08:23:04
1,0,0,0,0,226,35,0,1,0,0,0,0,204,0,0,0,1,1,3,0,0,0,1,0,1294,0,0,1,0,normal,2026-03-18 08:25:24
1,0,0,0,0,226,35,0,1,0,0,0,0,204,0,0,0,1,2,3,0,0,0,1,0,1294,0,0,1,0,normal,2026-03-18 08:25:24
1,0,0,0,0,355,35,0,1,0,0,0,0,204,0,0,0,1,3,3,0,0,0,1,0,1574,0,0,1,0,normal,2026-03-18 08:25:31
1,0,0,0,0,0,41,0,1,0,0,0,0,204,0,0,0,1,4,3,0,0,0,1,0,761,0,0,1,0,normal,2026-03-18 08:25:31
1,0,0,0,0,0,43,0,1,0,0,0,0,204,0,0,0,1,5,3,0,0,0,1,0,1726,0,0,1,0,normal,2026-03-18 08:25:33
1,0,0,0,0,0,32,0,1,0,0,0,0,204,0,0,0,1,6,1,0,0,0,0,0,226,0,0,1,0,normal,2026-03-18 08:25:33
1,0,0,0,0,2936,46,0,1,0,0,0,0,204,0,0,0,1,6,3,0,0,0,1,0,1495,0,0,1,0,normal,2026-03-18 08:25:34
1,0,0,0,0,0,43,0,1,0,0,0,0,204,0,0,0,1,6,3,0,0,1,1,0,1232,0,0,1,0,normal,2026-03-18 08:25:37
1,0,0,0,0,226,35,0,1,0,0,0,0,204,0,0,0,1,7,3,0,0,0,1,0,1590,0,0,1,0,normal,2026-03-18 08:25:37
1,0,0,0,0,0,43,0,1,0,0,0,0,204,0,0,0,1,8,3,0,0,1,1,0,1244,0,0,1,0,normal,2026-03-18 08:25:38
1,0,0,0,0,226,35,0,1,0,0,0,0,204,0,0,0,1,9,3,0,0,0,1,0,1411,0,0,1,0,normal,2026-03-18 08:25:38
1,0,0,0,0,0,43,0,1,0,0,0,0,204,0,0,0,1,10,3,0,0,1,1,0,1220,0,0,1,0,normal,2026-03-18 08:25:38
1,0,0,0,0,0,32,0,1,0,0,0,0,204,0,0,0,1,11,1,0,0,0,0,0,244,0,0,1,0,normal,2026-03-18 08:25:38
1,0,0,0,0,0,43,0,1,0,0,0,0,204,0,0,0,1,12,3,0,0,0,1,0,1499,0,0,1,0,normal,2026-03-18 08:25:38
1,0,0,0,0,226,35,0,1,0,0,0,0,204,0,0,0,1,13,3,0,0,0,1,0,1430,0,0,1,0,normal,2026-03-18 08:25:39
1,0,0,0,0,3202,46,0,1,0,0,0,0,204,0,0,0,1,14,3,0,0,0,1,0,1369,0,0,1,0,normal,2026-03-18 08:25:39
1,0,0,0,0,226,35,0,1,0,0,0,0,204,0,0,0,1,15,3,0,0,0,1,0,1223,0,0,1,0,normal,2026-03-18 08:25:40
1,0,0,0,0,0,43,0,1,0,0,0,0,204,0,0,0,1,11,3,0,0,1,1,0,1069,0,0,1,0,normal,2026-03-18 08:25:44
1,0,0,0,0,716,8,0,0,0,0,0,0,204,0,0,0,1,2,1,0,0,0,0,0,991,0,0,1,0,normal,2026-03-18 08:25:54
1,0,0,0,0,0,43,0,1,0,0,0,0,204,0,0,0,1,3,3,0,0,1,1,0,1076,0,0,1,0,normal,2026-03-18 08:25:54
1,0,0,0,0,226,35,0,1,0,0,0,0,204,0,0,0,1,3,3,0,0,0,1,0,1398,0,0,1,0,normal,2026-03-18 08:26:00
1,0,0,0,0,0,43,0,1,0,0,0,0,204,0,0,0,1,2,3,0,0,1,1,0,1111,0,0,1,0,normal,2026-03-18 08:26:04
1,0,0,0,0,603,35,0,1,0,0,0,0,204,0,0,0,1,3,3,0,0,0,1,0,1302,0,0,1,0,normal,2026-03-18 08:26:10
0,0,0,1,0,0,28,0,1,0,0,0,0,200,0,0,0,1,3,1,0,0,0,0,0,1219,0,0,1,0,normal,2026-03-18 08:26:12
1,0,0,0,0,226,35,0,1,0,0,0,0,204,0,0,0,1,1,3,0,0,0,1,0,1519,0,0,1,0,normal,2026-03-18 08:26:30
1,0,0,0,0,607,35,0,1,0,0,0,0,204,0,0,0,1,1,3,0,0,0,1,0,1575,0,0,1,0,normal,2026-03-18 08:26:40
1,0,0,0,0,0,43,0,1,0,0,0,0,204,0,0,0,1,2,3,0,0,1,1,0,1171,0,0,1,0,normal,2026-03-18 08:26:44
1,0,0,0,0,608,35,0,1,0,0,0,0,204,0,0,0,1,2,3,0,0,0,1,0,1401,0,0,1,0,normal,2026-03-18 08:26:50
1,0,0,0,0,608,35,0,1,0,0,0,0,204,0,0,0,1,3,3,0,0,0,1,0,1267,0,0,1,0,normal,2026-03-18 08:26:54
1,0,0,0,0,0,43,0,1,0,0,0,0,204,0,0,0,1,4,3,0,0,1,1,0,1110,0,0,1,0,normal,2026-03-18 08:26:54
1,0,0,0,0,226,35,0,1,0,0,0,0,204,0,0,0,1,4,3,0,0,0,1,0,1517,0,0,1,0,normal,2026-03-18 08:26:56
1,0,0,0,0,0,43,0,1,0,0,0,0,204,0,0,0,1,5,3,0,0,0,1,0,1526,0,0,1,0,normal,2026-03-18 08:26:56
1,0,0,0,0,0,32,0,1,0,0,0,0,204,0,0,0,1,6,1,0,0,0,0,0,209,0,0,1,0,normal,2026-03-18 08:26:56
1,0,0,0,0,3526,46,0,1,0,0,0,0,204,0,0,0,1,7,3,0,0,0,1,0,1367,0,0,1,0,normal,2026-03-18 08:26:58
1,0,0,0,0,0,43,0,1,0,0,0,0,204,0,0,0,1,8,3,0,0,1,1,0,1097,0,0,1,0,normal,2026-03-18 08:26:59
1,0,0,0,0,226,35,0,1,0,0,0,0,204,0,0,0,1,6,3,0,0,0,1,0,1339,0,0,1,0,normal,2026-03-18 08:27:05
1,0,0,0,0,0,43,0,1,0,0,0,0,204,0,0,0,1,3,3,0,0,1,1,0,1138,0,0,1,0,normal,2026-03-18 08:27:09
1,0,0,0,0,226,35,0,1,0,0,0,0,204,0,0,0,1,2,3,0,0,0,1,0,1405,0,0,1,0,normal,2026-03-18 08:27:15
1,0,0,0,0,0,43,0,1,0,0,0,0,204,0,0,0,1,2,3,0,0,1,1,0,1118,0,0,1,0,normal,2026-03-18 08:27:19
1,0,0,0,0,602,35,0,1,0,0,0,0,204,0,0,0,1,3,3,0,0,0,1,0,1276,0,0,1,0,normal,2026-03-18 08:27:25
1,0,0,0,0,0,43,0,1,0,0,0,0,204,0,0,0,1,2,3,0,0,1,1,0,1118,0,0,1,0,normal,2026-03-18 08:27:30
1,0,0,0,0,609,35,0,1,0,0,0,0,204,0,0,0,1,3,3,0,0,0,1,0,1276,0,0,1,0,normal,2026-03-18 08:27:35
0,0,0,1,0,0,28,0,1,0,0,0,0,200,0,0,0,1,2,1,0,0,0,0,0,1250,0,0,1,0,normal,2026-03-18 08:27:41
1,0,0,0,0,610,35,0,1,0,0,0,0,204,0,0,0,1,2,3,0,0,0,1,0,1309,0,0,1,0,normal,2026-03-18 08:27:45
1,0,0,0,0,538,35,0,1,0,0,0,0,204,0,0,0,1,1,3,0,0,0,1,0,1309,0,0,1,0,normal,2026-03-18 08:27:55
1,0,0,0,0,0,43,0,1,0,0,0,0,204,0,0,0,1,1,3,0,0,1,1,0,1138,0,0,1,0,normal,2026-03-18 08:28:10
1,0,0,0,0,858,35,0,1,0,0,0,0,204,0,0,0,1,2,3,0,0,0,1,0,1484,0,0,1,0,normal,2026-03-18 08:28:15
1,0,0,0,0,0,43,0,1,0,0,0,0,204,0,0,0,1,3,3,0,0,1,1,0,1106,0,0,1,0,normal,2026-03-18 08:28:15
1,0,0,0,0,226,35,0,1,0,0,0,0,204,0,0,0,1,4,3,0,0,0,1,0,1294,0,0,1,0,normal,2026-03-18 08:28:16
1,0,0,0,0,226,35,0,1,0,0,0,0,204,0,0,0,1,5,3,0,0,0,1,0,1508,0,0,1,0,normal,2026-03-18 08:28:17
1,0,0,0,0,226,35,0,1,0,0,0,0,204,0,0,0,1,6,3,0,0,0,1,0,1311,0,0,1,0,normal,2026-03-18 08:28:17
1,0,0,0,0,226,35,0,1,0,0,0,0,204,0,0,0,1,7,3,0,0,0,1,0,1294,0,0,1,0,normal,2026-03-18 08:28:17
1,0,0,0,0,226,35,0,1,0,0,0,0,204,0,0,0,1,8,3,0,0,0,1,0,1294,0,0,1,0,normal,2026-03-18 08:28:17
1,0,0,0,0,226,35,0,1,0,0,0,0,204,0,0,0,1,9,3,0,0,0,1,0,1507,0,0,1,0,normal,2026-03-18 08:28:17
1,0,0,0,0,226,35,0,1,0,0,0,0,204,0,0,0,1,10,3,0,0,0,1,0,1311,0,0,1,0,normal,2026-03-18 08:28:18
1,0,0,0,0,226,35,0,1,0,0,0,0,204,0,0,0,1,11,3,0,0,0,1,0,1449,0,0,1,0,normal,2026-03-18 08:28:18
1,0,0,0,0,226,35,0,1,0,0,0,0,204,0,0,0,1,12,3,0,0,0,1,0,1461,0,0,1,0,normal,2026-03-18 08:28:18
1,0,0,0,0,226,35,0,1,0,0,0,0,204,0,0,0,1,13,3,0,0,0,1,0,1556,0,0,1,0,normal,2026-03-18 08:28:19
1,0,0,0,0,0,43,0,1,0,0,0,0,204,0,0,0,1,14,3,0,0,0,1,0,1668,0,0,1,0,normal,2026-03-18 08:28:19
1,0,0,0,0,0,32,0,1,0,0,0,0,204,0,0,0,1,15,1,0,0,0,0,0,200,0,0,1,0,normal,2026-03-18 08:28:19
1,0,0,0,0,0,43,0,1,0,0,0,0,204,0,0,0,1,16,3,0,0,1,1,0,1157,0,0,1,0,normal,2026-03-18 08:28:19
1,0,0,0,0,226,35,0,1,0,0,0,0,204,0,0,0,1,17,3,0,0,0,1,0,1387,0,0,1,0,normal,2026-03-18 08:28:19
1,0,0,0,0,0,43,0,1,0,0,0,0,204,0,0,0,1,18,3,0,0,1,1,0,1156,0,0,1,0,normal,2026-03-18 08:28:19
1,0,0,0,0,226,35,0,1,0,0,0,0,204,0,0,0,1,19,3,0,0,0,1,0,1294,0,0,1,0,normal,2026-03-18 08:28:20
1,0,0,0,0,226,35,0,1,0,0,0,0,204,0,0,0,1,19,3,0,0,0,1,0,1504,1,0,1,0,normal,2026-03-18 08:28:20
1,0,0,0,0,0,43,0,1,0,0,0,0,204,0,0,0,1,20,3,0,0,0,1,0,1534,1,0,1,0,normal,2026-03-18 08:28:21
1,0,0,0,0,0,32,0,1,0,0,0,0,204,0,0,0,1,21,1,0,0,0,0,0,243,0,0,1,0,normal,2026-03-18 08:28:21
1,0,0,0,0,3523,46,0,1,0,0,0,0,204,0,0,0,1,22,3,0,0,0,1,0,1390,1,0,1,0,normal,2026-03-18 08:28:22
1,0,0,0,0,226,35,0,1,0,0,0,0,204,0,0,0,1,23,3,0,0,0,1,0,1476,1,0,1,0,normal,2026-03-18 08:28:22
1,0,0,0,0,0,43,0,1,0,0,0,0,204,0,0,0,1,15,3,0,0,1,1,0,1119,1,0,1,0,normal,2026-03-18 08:28:28
1,0,0,0,0,226,35,0,1,0,0,0,0,204,0,0,0,1,7,3,0,0,0,1,0,1330,1,0,1,0,normal,2026-03-18 08:28:30
1,0,0,0,0,226,35,0,1,0,0,0,0,204,0,0,0,1,4,3,0,0,0,1,0,1306,1,0,1,0,normal,2026-03-18 08:28:32
1,0,0,0,0,0,43,0,1,0,0,0,0,204,0,0,0,1,4,3,0,0,1,1,0,1152,1,0,1,0,normal,2026-03-18 08:28:36
1,0,0,0,0,226,35,0,1,0,0,0,0,204,0,0,0,1,5,3,0,0,0,1,0,1519,1,0,1,0,normal,2026-03-18 08:28:36
1,0,0,0,0,0,43,0,1,0,0,0,0,204,0,0,0,1,6,3,0,0,1,1,0,1098,1,0,1,0,normal,2026-03-18 08:28:36
1,0,0,0,0,0,43,0,1,0,0,0,0,204,0,0,0,1,7,3,0,0,0,1,0,1552,1,0,1,0,normal,2026-03-18 08:28:36
1,0,0,0,0,0,32,0,1,0,0,0,0,204,0,0,0,1,8,1,0,0,0,0,0,243,0,0,1,0,normal,2026-03-18 08:28:36
1,0,0,0,0,3522,46,0,1,0,0,0,0,204,0,0,0,1,9,3,0,0,0,1,0,1408,1,0,1,0,normal,2026-03-18 08:28:37
1,0,0,0,0,226,35,0,1,0,0,0,0,204,0,0,0,1,9,3,0,0,0,1,0,1578,1,0,1,0,normal,2026-03-18 08:28:38
1,0,0,0,0,226,35,0,1,0,0,0,0,204,0,0,0,1,9,3,0,0,0,1,0,1557,1,0,1,0,normal,2026-03-18 08:28:42
1,0,0,0,0,0,43,0,1,0,0,0,0,204,0,0,0,1,4,3,0,0,1,1,0,1176,1,0,1,0,normal,2026-03-18 08:28:47
1,0,0,0,0,226,35,0,1,0,0,0,0,204,0,0,0,1,4,3,0,0,0,1,0,1410,1,0,1,0,normal,2026-03-18 08:28:48
1,0,0,0,0,226,35,0,1,0,0,0,0,204,0,0,0,1,3,3,0,0,0,1,0,1377,1,0,1,0,normal,2026-03-18 08:28:52
1,0,0,0,0,0,43,0,1,0,0,0,0,204,0,0,0,1,4,3,0,0,1,1,0,1144,1,0,1,0,normal,2026-03-18 08:28:57
1,0,0,0,0,0,43,0,1,0,0,0,0,204,0,0,0,1,3,3,0,0,1,1,0,1152,1,0,1,0,normal,2026-03-18 08:29:01
1,0,0,0,0,226,35,0,1,0,0,0,0,204,0,0,0,1,4,3,0,0,0,1,0,1433,1,0,1,0,normal,2026-03-18 08:29:01
1,0,0,0,0,0,43,0,1,0,0,0,0,204,0,0,0,1,5,3,0,0,1,1,0,1097,1,0,1,0,normal,2026-03-18 08:29:01
1,0,0,0,0,226,35,0,1,0,0,0,0,204,0,0,0,1,6,3,0,0,0,1,0,1505,1,0,1,0,normal,2026-03-18 08:29:01
1,0,0,0,0,0,43,0,1,0,0,0,0,204,0,0,0,1,7,3,0,0,0,1,0,1533,1,0,1,0,normal,2026-03-18 08:29:01
1,0,0,0,0,0,32,0,1,0,0,0,0,204,0,0,0,1,8,1,0,0,0,0,0,243,0,0,1,0,normal,2026-03-18 08:29:01
1,0,0,0,0,2563,46,0,1,0,0,0,0,204,0,0,0,1,8,3,0,0,0,1,0,1392,1,0,1,0,normal,2026-03-18 08:29:02
1,0,0,0,0,226,35,0,1,0,0,0,0,204,0,0,0,1,9,3,0,0,0,1,0,1598,1,0,1,0,normal,2026-03-18 08:29:02
1,0,0,0,0,226,35,0,1,0,0,0,0,204,0,0,0,1,9,3,0,0,0,1,0,1538,1,0,1,0,normal,2026-03-18 08:29:08
1,0,0,0,0,0,43,0,1,0,0,0,0,204,0,0,0,1,10,3,0,0,1,1,0,1151,1,0,1,0,normal,2026-03-18 08:29:10
1,0,0,0,0,226,35,0,1,0,0,0,0,204,0,0,0,1,9,3,0,0,0,1,0,1477,1,0,1,0,normal,2026-03-18 08:29:11
1,0,0,0,0,226,35,0,1,0,0,0,0,204,0,0,0,1,4,3,0,0,0,1,0,1538,1,0,1,0,normal,2026-03-18 08:29:18
1,0,0,0,0,0,43,0,1,0,0,0,0,204,0,0,0,1,3,3,0,0,1,1,0,1168,1,0,1,0,normal,2026-03-18 08:29:20
1,0,0,0,0,226,35,0,1,0,0,0,0,204,0,0,0,1,3,3,0,0,0,1,0,1541,1,0,1,0,normal,2026-03-18 08:29:21
1,0,0,0,0,226,35,0,1,0,0,0,0,204,0,0,0,1,4,3,0,0,0,1,0,1437,1,0,1,0,normal,2026-03-18 08:29:22
0,1,0,0,0,0,17,0,1,0,0,0,0,200,1050,0,1,0,1,2,0,0,0,0,0,15,0,0,2,0,normal,2026-03-18 08:29:50
0,1,0,0,0,0,23,0,1,0,1,0,0,200,117,0,1,0,2,5,0,0,0,1,0,57,0,0,1,0,normal,2026-03-18 08:29:53
0,1,0,0,0,0,27,0,1,0,1,0,0,200,15,0,1,0,3,6,0,0,0,1,0,27,0,0,1,0,normal,2026-03-18 08:29:54
0,1,0,0,0,0,23,0,1,0,1,0,0,200,203,0,1,0,4,5,0,0,0,1,0,27,0,0,1,0,normal,2026-03-18 08:29:54
0,1,0,0,0,419,8,0,0,0,0,0,0,200,0,0,0,1,5,3,0,0,0,0,0,162,0,0,1,0,normal,2026-03-18 08:29:54
0,1,0,0,0,0,13,0,1,0,0,0,0,200,338284,0,1,0,6,4,0,0,0,0,0,15,0,0,4,0,normal,2026-03-18 08:29:55
0,0,0,0,0,0,15,0,1,0,0,0,0,200,85365,0,0,1,7,3,0,0,0,0,0,15,0,0,3,0,normal,2026-03-18 08:30:00
0,1,0,0,0,2121,27,0,1,0,0,0,0,200,347,0,1,0,7,2,0,0,0,0,0,15,0,0,1,0,normal,2026-03-18 08:30:02
0,1,0,0,0,0,23,0,1,0,1,0,0,200,117,0,1,0,8,5,0,0,0,1,0,57,0,0,1,0,normal,2026-03-18 08:30:03
0,1,0,0,0,0,23,0,1,0,1,0,0,200,203,0,1,0,9,5,0,0,0,1,0,27,0,0,1,0,normal,2026-03-18 08:30:03
0,1,0,0,0,0,12,0,1,0,0,0,0,200,0,0,1,0,8,1,0,0,0,0,0,15,0,0,1,0,normal,2026-03-18 08:30:04
0,1,0,0,0,5599,17,0,1,0,0,0,0,200,137,0,1,0,9,1,0,0,0,0,0,15,0,0,1,0,normal,2026-03-18 08:30:04
0,1,0,0,0,0,23,0,1,0,1,0,0,200,117,0,1,0,7,5,0,0,0,1,0,57,0,0,1,0,normal,2026-03-18 08:30:08
0,1,0,0,0,2039,27,0,1,0,0,0,0,200,66206,0,1,0,8,2,0,0,0,0,0,15,0,0,3,0,normal,2026-03-18 08:30:08
0,1,0,0,0,227,27,0,1,0,1,0,0,200,139,0,1,0,9,5,0,0,0,1,0,27,0,0,1,0,normal,2026-03-18 08:30:08
0,1,0,0,0,0,23,0,1,0,1,0,0,200,203,0,1,0,10,5,0,0,0,1,0,27,0,0,1,0,normal,2026-03-18 08:30:09
0,1,0,0,0,0,23,0,1,0,1,0,0,200,117,0,1,0,5,5,0,0,0,1,0,57,0,0,1,0,normal,2026-03-18 08:30:16
0,1,0,0,0,0,23,0,1,0,1,0,0,200,203,0,1,0,6,5,0,0,0,1,0,27,0,0,1,0,normal,2026-03-18 08:30:16
0,1,0,0,0,4505,17,0,1,0,0,0,0,200,137,0,1,0,7,1,0,0,0,0,0,15,0,0,1,0,normal,2026-03-18 08:30:17
0,1,0,0,0,0,23,0,1,0,1,0,0,200,117,0,1,0,4,5,0,0,0,1,0,57,0,0,1,0,normal,2026-03-18 08:30:20
0,1,0,0,0,2230,27,0,1,0,0,0,0,200,235146,0,1,0,5,2,0,0,0,0,0,15,0,0,4,0,normal,2026-03-18 08:30:20
0,1,0,0,0,228,27,0,1,0,1,0,0,200,140,0,1,0,6,5,0,0,0,1,0,27,0,0,1,0,normal,2026-03-18 08:30:21
0,1,0,0,0,0,23,0,1,0,1,0,0,200,203,0,1,0,7,5,0,0,0,1,0,27,0,0,1,0,normal,2026-03-18 08:30:21
0,1,0,0,0,0,23,0,1,0,1,0,0,200,118,0,1,0,8,5,0,0,0,1,0,57,0,0,1,0,normal,2026-03-18 08:30:24
0,1,0,0,0,1459,17,0,1,0,0,0,0,200,137,0,1,0,9,1,0,0,0,0,0,15,0,0,1,0,normal,2026-03-18 08:30:25
0,1,0,0,0,0,23,0,1,0,1,0,0,200,203,0,1,0,8,5,0,0,0,1,0,27,0,0,1,0,normal,2026-03-18 08:30:26
0,1,0,0,0,0,23,0,1,0,1,0,0,200,118,0,1,0,9,5,0,0,0,1,0,57,0,0,1,0,normal,2026-03-18 08:30:26
0,1,0,0,0,228,27,0,1,0,1,0,0,200,140,0,1,0,9,5,0,0,0,1,0,27,0,0,1,0,normal,2026-03-18 08:30:28
0,1,0,0,0,0,23,0,1,0,1,0,0,200,203,0,1,0,10,5,0,0,0,1,0,27,0,0,1,0,normal,2026-03-18 08:30:28
0,1,0,0,0,0,23,0,1,0,1,0,0,200,118,0,1,0,11,5,0,0,0,1,0,57,0,0,1,0,normal,2026-03-18 08:30:29
0,1,0,0,0,0,23,0,1,0,1,0,0,200,203,0,1,0,12,5,0,0,0,1,0,27,0,0,1,0,normal,2026-03-18 08:30:29
0,1,0,0,0,7587,17,0,1,0,0,0,0,200,137,0,1,0,13,1,0,0,0,0,0,15,0,0,1,0,normal,2026-03-18 08:30:29
0,1,0,0,0,0,23,0,1,0,1,0,0,200,118,0,1,0,4,5,0,0,0,1,0,57,0,0,1,0,normal,2026-03-18 08:30:38
0,1,0,0,0,7562,16,0,1,0,0,0,0,200,137,0,1,0,4,1,0,0,0,0,0,15,0,0,1,0,normal,2026-03-18 08:30:39
0,1,0,0,0,228,27,0,1,0,1,0,0,200,140,0,1,0,5,5,0,0,0,1,0,27,0,0,1,0,normal,2026-03-18 08:30:39
0,1,0,0,0,0,23,0,1,0,1,0,0,200,203,0,1,0,4,5,0,0,0,1,0,27,0,0,1,0,normal,2026-03-18 08:30:40
0,1,0,0,0,0,23,0,1,0,1,0,0,200,118,0,1,0,5,5,0,0,0,1,0,57,0,0,1,0,normal,2026-03-18 08:30:44
0,1,0,0,0,2651,17,0,1,0,0,0,0,200,137,0,1,0,6,1,0,0,0,0,0,15,0,0,1,0,normal,2026-03-18 08:30:45
0,1,0,0,0,0,23,0,1,0,1,0,0,200,118,0,1,0,7,5,0,0,0,1,0,57,0,0,1,0,normal,2026-03-18 08:30:45
0,1,0,0,0,0,23,0,1,0,1,0,0,200,203,0,1,0,8,5,0,0,0,1,0,27,0,0,1,0,normal,2026-03-18 08:30:45
0,0,0,0,0,481,8,0,0,0,0,0,0,200,0,0,0,1,4,3,0,0,0,0,0,138,0,0,1,0,normal,2026-03-18 08:30:54
0,1,0,0,0,1456,17,0,1,0,0,0,0,200,137,0,1,0,2,1,0,0,0,0,0,15,0,0,1,0,normal,2026-03-18 08:30:55
0,1,0,0,0,3632,17,0,1,0,0,0,0,200,137,0,1,0,3,1,0,0,0,0,0,15,0,0,1,0,normal,2026-03-18 08:31:00
0,1,0,0,0,5506,16,0,1,0,0,0,0,200,137,0,1,0,4,1,0,0,0,0,0,15,0,0,1,0,normal,2026-03-18 08:31:03
0,1,0,0,0,1457,17,0,1,0,0,0,0,200,137,0,1,0,3,1,0,0,0,0,0,15,0,0,1,0,normal,2026-03-18 08:31:08
0,1,0,0,0,0,23,0,1,0,1,0,0,200,118,0,1,0,4,5,0,0,0,1,0,57,0,0,1,0,normal,2026-03-18 08:31:10
0,1,0,0,0,0,23,0,1,0,1,0,0,200,203,0,1,0,5,5,0,0,0,1,0,27,0,0,1,0,normal,2026-03-18 08:31:10
0,1,0,0,0,0,23,0,1,0,1,0,0,200,118,0,1,0,5,5,0,0,0,1,0,57,0,0,1,0,normal,2026-03-18 08:31:11
0,1,0,0,0,228,27,0,1,0,1,0,0,200,140,0,1,0,6,5,0,0,0,1,0,27,0,0,1,0,normal,2026-03-18 08:31:11
0,1,0,0,0,0,23,0,1,0,1,0,0,200,118,0,1,0,7,5,0,0,0,1,0,57,0,0,1,0,normal,2026-03-18 08:31:11
0,1,0,0,0,0,23,0,1,0,1,0,0,200,203,0,1,0,8,5,0,0,0,1,0,27,0,0,1,0,normal,2026-03-18 08:31:11
0,1,0,0,0,4574,17,0,1,0,0,0,0,200,137,0,1,0,9,1,0,0,0,0,0,15,0,0,1,0,normal,2026-03-18 08:31:11
0,1,0,0,0,0,23,0,1,0,1,0,0,200,118,0,1,0,10,5,0,0,0,1,0,57,0,0,1,0,normal,2026-03-18 08:31:12
0,1,0,0,0,0,23,0,1,0,1,0,0,200,203,0,1,0,11,5,0,0,0,1,0,27,0,0,1,0,normal,2026-03-18 08:31:12
0,1,0,0,0,228,27,0,1,0,1,0,0,200,140,0,1,0,12,5,0,0,0,1,0,27,0,0,1,0,normal,2026-03-18 08:31:12
0,1,0,0,0,0,23,0,1,0,1,0,0,200,118,0,1,0,13,5,0,0,0,1,0,57,0,0,1,0,normal,2026-03-18 08:31:12
0,1,0,0,0,0,23,0,1,0,1,0,0,200,203,0,1,0,14,5,0,0,0,1,0,27,0,0,1,0,normal,2026-03-18 08:31:12
0,1,0,0,0,0,23,0,1,0,1,0,0,200,118,0,1,0,14,5,0,0,0,1,0,57,0,0,1,0,normal,2026-03-18 08:31:14
0,1,0,0,0,0,23,0,1,0,1,0,0,200,203,0,1,0,15,5,0,0,0,1,0,27,0,0,1,0,normal,2026-03-18 08:31:14
0,1,0,0,0,228,27,0,1,0,1,0,0,200,140,0,1,0,16,5,0,0,0,1,0,27,0,0,1,0,normal,2026-03-18 08:31:14
0,1,0,0,0,0,23,0,1,0,1,0,0,200,203,0,1,0,17,5,0,0,0,1,0,27,0,0,1,0,normal,2026-03-18 08:31:14
0,1,0,0,0,0,23,0,1,0,1,0,0,200,203,0,1,0,18,5,0,0,0,1,0,27,0,0,1,0,normal,2026-03-18 08:31:14
0,1,0,0,0,5511,16,0,1,0,0,0,0,200,137,0,1,0,19,1,0,0,0,0,0,15,0,0,1,0,normal,2026-03-18 08:31:16
0,1,0,0,0,0,23,0,1,0,1,0,0,200,118,0,1,0,20,5,0,0,0,1,0,57,0,0,1,0,normal,2026-03-18 08:31:16
0,1,0,0,0,1457,17,0,1,0,0,0,0,200,137,0,1,0,20,1,0,0,0,0,0,15,0,0,1,0,normal,2026-03-18 08:31:19
0,1,0,0,0,4557,16,0,1,0,0,0,0,200,137,0,1,0,9,1,0,0,0,0,0,15,0,0,1,0,normal,2026-03-18 08:31:23
0,1,0,0,0,1463,17,0,1,0,0,0,0,200,137,0,1,0,10,1,0,0,0,0,0,15,0,0,1,0,normal,2026-03-18 08:31:23
0,1,0,0,0,0,23,0,1,0,1,0,0,200,118,0,1,0,3,5,0,0,0,1,0,57,0,0,1,0,normal,2026-03-18 08:31:31
0,1,0,0,0,229,27,0,1,0,1,0,0,200,141,0,1,0,4,5,0,0,0,1,0,27,0,0,1,0,normal,2026-03-18 08:31:31
0,1,0,0,0,4586,17,0,1,0,0,0,0,200,137,0,1,0,3,1,0,0,0,0,0,15,0,0,1,0,normal,2026-03-18 08:31:37
0,1,0,0,0,5556,16,0,1,0,0,0,0,200,137,0,1,0,4,1,0,0,0,0,0,15,0,0,1,0,normal,2026-03-18 08:31:38
0,1,0,0,0,5577,17,0,1,0,0,0,0,200,137,0,1,0,3,1,0,0,0,0,0,15,0,0,1,0,normal,2026-03-18 08:31:44
0,1,0,0,0,0,23,0,1,0,1,0,0,200,119,0,1,0,4,5,0,0,0,1,0,57,0,0,1,0,normal,2026-03-18 08:31:45
0,1,0,0,0,0,23,0,1,0,1,0,0,200,203,0,1,0,5,5,0,0,0,1,0,27,0,0,1,0,normal,2026-03-18 08:31:46
0,1,0,0,0,0,23,0,1,0,1,0,0,200,119,0,1,0,6,5,0,0,0,1,0,57,0,0,1,0,normal,2026-03-18 08:31:46
0,1,0,0,0,229,27,0,1,0,1,0,0,200,141,0,1,0,7,5,0,0,0,1,0,27,0,0,1,0,normal,2026-03-18 08:31:46
0,1,0,0,0,0,23,0,1,0,1,0,0,200,203,0,1,0,8,5,0,0,0,1,0,27,0,0,1,0,normal,2026-03-18 08:31:46
0,1,0,0,0,0,23,0,1,0,1,0,0,200,119,0,1,0,9,5,0,0,0,1,0,57,0,0,1,0,normal,2026-03-18 08:31:47
0,1,0,0,0,0,23,0,1,0,1,0,0,200,203,0,1,0,9,5,0,0,0,1,0,27,0,0,1,0,normal,2026-03-18 08:31:47
0,1,0,0,0,0,23,0,1,0,1,0,0,200,119,0,1,0,10,5,0,0,0,1,0,57,0,0,1,0,normal,2026-03-18 08:31:48
0,1,0,0,0,0,23,0,1,0,1,0,0,200,203,0,1,0,11,5,0,0,0,1,0,27,0,0,1,0,normal,2026-03-18 08:31:48
0,1,0,0,0,229,27,0,1,0,1,0,0,200,141,0,1,0,12,5,0,0,0,1,0,27,0,0,1,0,normal,2026-03-18 08:31:48
0,1,0,0,0,0,23,0,1,0,1,0,0,200,203,0,1,0,12,5,0,0,0,1,0,27,0,0,1,0,normal,2026-03-18 08:31:49
0,1,0,0,0,0,23,0,1,0,1,0,0,200,119,0,1,0,13,5,0,0,0,1,0,57,0,0,1,0,normal,2026-03-18 08:31:49
0,1,0,0,0,0,23,0,1,0,1,0,0,200,119,0,1,0,14,5,0,0,0,1,0,57,0,0,1,0,normal,2026-03-18 08:31:49
0,1,0,0,0,0,23,0,1,0,1,0,0,200,203,0,1,0,15,5,0,0,0,1,0,27,0,0,1,0,normal,2026-03-18 08:31:50
0,1,0,0,0,229,27,0,1,0,1,0,0,200,141,0,1,0,16,5,0,0,0,1,0,27,0,0,1,0,normal,2026-03-18 08:31:50
0,1,0,0,0,0,23,0,1,0,1,0,0,200,119,0,1,0,17,5,0,0,0,1,0,57,0,0,1,0,normal,2026-03-18 08:31:51
0,1,0,0,0,0,23,0,1,0,1,0,0,200,203,0,1,0,18,5,0,0,0,1,0,27,0,0,1,0,normal,2026-03-18 08:31:51
0,1,0,0,0,229,27,0,1,0,1,0,0,200,141,0,1,0,19,5,0,0,0,1,0,27,0,0,1,0,normal,2026-03-18 08:31:51
0,1,0,0,0,0,23,0,1,0,1,0,0,200,203,0,1,0,20,5,0,0,0,1,0,27,0,0,1,0,normal,2026-03-18 08:31:51
0,1,0,0,0,0,23,0,1,0,1,0,0,200,203,0,1,0,21,5,0,0,0,1,0,27,0,0,1,0,normal,2026-03-18 08:31:51
0,1,0,0,0,0,23,0,1,0,1,0,0,200,119,0,1,0,22,5,0,0,0,1,0,57,0,0,1,0,normal,2026-03-18 08:31:53
0,1,0,0,0,0,23,0,1,0,1,0,0,200,203,0,1,0,23,5,0,0,0,1,0,27,0,0,1,0,normal,2026-03-18 08:31:54
0,1,0,0,0,12889,17,0,1,0,0,0,0,200,137,0,1,0,23,1,0,0,0,0,0,15,0,0,1,0,normal,2026-03-18 08:31:54
0,1,0,0,0,0,23,0,1,0,1,0,0,200,119,0,1,0,24,5,0,0,0,1,0,57,0,0,1,0,normal,2026-03-18 08:31:55
0,1,0,0,0,229,27,0,1,0,1,0,0,200,141,0,1,0,19,5,0,0,0,1,0,27,0,0,1,0,normal,2026-03-18 08:31:57
0,1,0,0,0,5577,17,0,1,0,0,0,0,200,137,0,1,0,3,1,0,0,0,0,0,15,0,0,1,0,normal,2026-03-18 08:32:04
0,1,0,0,0,12889,17,0,1,0,0,0,0,200,137,0,1,0,4,1,0,0,0,0,0,15,0,0,1,0,normal,2026-03-18 08:32:04
0,1,0,0,0,1463,17,0,1,0,0,0,0,200,137,0,1,0,5,1,0,0,0,0,0,15,0,0,1,0,normal,2026-03-18 08:32:04
0,1,0,0,0,5421,16,0,1,0,0,0,0,200,137,0,1,0,1,1,0,0,0,0,0,15,0,0,1,0,normal,2026-03-18 08:32:19
0,0,1,0,0,0,15,0,1,0,0,0,0,200,403442,0,0,1,1,2,0,0,0,0,0,15,0,0,4,0,normal,2026-03-18 08:32:33
0,0,1,0,0,0,13,0,1,0,0,0,0,301,1057,0,0,1,2,5,0,0,0,0,0,1089,0,0,2,0,normal,2026-03-18 08:32:42
0,0,1,0,0,0,13,0,1,0,0,0,0,301,1033,0,0,1,1,5,0,0,0,0,0,1039,0,0,2,0,normal,2026-03-18 08:32:56
1,0,0,0,0,0,32,0,0,0,0,0,0,200,1523606,0,0,1,1,1,0,0,0,0,0,15,0,0,5,0,normal,2026-03-18 08:57:30
1,0,0,0,0,0,31,0,0,0,0,0,0,200,1509336,0,0,1,2,1,0,0,0,0,0,15,0,0,5,0,normal,2026-03-18 08:57:31
